last_name, first_name,player_id,year,pa,bip,ba,est_ba,est_ba_minus_ba_diff,slg,est_slg,est_slg_minus_slg_diff,woba,est_woba,est_woba_minus_woba_diff,era,xera,era_minus_xera_diff
Porcello, Rick,519144,2017,885,650,0.286,0.27,0.01599999999999996,0.498,0.477,0.02100000000000002,0.348,0.337,0.010999999999999954,4.65,4.96,-0.312
Santana, Ervin,429722,2017,863,627,0.225,0.235,-0.009999999999999981,0.392,0.398,-0.006000000000000005,0.291,0.3,-0.009000000000000008,3.28,3.84,-0.561
Richard, Clayton,453385,2017,858,640,0.308,0.278,0.02999999999999997,0.482,0.414,0.068,0.357,0.326,0.030999999999999972,4.79,4.61,0.179
Martinez, Carlos,593372,2017,858,561,0.232,0.222,0.010000000000000009,0.391,0.352,0.039000000000000035,0.299,0.284,0.015000000000000013,3.64,3.42,0.224
Archer, Chris,502042,2017,852,538,0.246,0.233,0.012999999999999984,0.407,0.387,0.019999999999999962,0.306,0.296,0.010000000000000009,4.08,3.73,0.345
Sale, Chris,519242,2017,851,492,0.208,0.194,0.013999999999999985,0.349,0.337,0.011999999999999955,0.26,0.252,0.008000000000000007,2.90,2.68,0.217
Verlander, Justin,434378,2017,849,554,0.221,0.24,-0.01899999999999999,0.37,0.42,-0.04999999999999999,0.285,0.315,-0.030000000000000027,3.36,4.27,-0.906
Cole, Gerrit,543037,2017,849,594,0.254,0.257,-0.0030000000000000027,0.434,0.428,0.006000000000000005,0.315,0.317,-0.0020000000000000018,4.26,4.33,-0.074
Samardzija, Jeff,502188,2017,847,604,0.255,0.248,0.007000000000000006,0.447,0.425,0.02200000000000002,0.309,0.301,0.008000000000000007,4.42,3.87,0.551
Stroman, Marcus,573186,2017,834,602,0.264,0.263,0.0010000000000000009,0.392,0.394,-0.0020000000000000018,0.31,0.314,-0.0040000000000000036,3.09,4.24,-1.15
deGrom, Jacob,594798,2017,827,527,0.237,0.219,0.017999999999999988,0.389,0.349,0.040000000000000036,0.291,0.274,0.01699999999999996,3.53,3.17,0.361
González, Gio,461829,2017,827,553,0.216,0.226,-0.010000000000000009,0.345,0.364,-0.019000000000000017,0.281,0.295,-0.013999999999999957,2.96,3.71,-0.755
Corbin, Patrick,571578,2017,826,584,0.276,0.264,0.01200000000000001,0.461,0.427,0.03400000000000003,0.333,0.32,0.013000000000000012,4.03,4.42,-0.387
Davies, Zach,605200,2017,817,629,0.275,0.287,-0.011999999999999955,0.424,0.43,-0.006000000000000005,0.323,0.336,-0.013000000000000012,3.90,4.93,-1.026
Gausman, Kevin,592332,2017,816,561,0.283,0.272,0.010999999999999954,0.459,0.456,0.0030000000000000027,0.346,0.344,0.0020000000000000018,4.68,5.20,-0.523
Dickey, R.A.,285079,2017,815,602,0.266,0.257,0.009000000000000008,0.45,0.399,0.05099999999999999,0.334,0.318,0.016000000000000014,4.26,4.36,-0.097
Teheran, Julio,527054,2017,812,582,0.257,0.253,0.0040000000000000036,0.443,0.424,0.019000000000000017,0.33,0.325,0.0050000000000000044,4.49,4.57,-0.078
Pérez, Martín,527048,2017,811,627,0.301,0.296,0.0050000000000000044,0.453,0.469,-0.01599999999999996,0.349,0.356,-0.007000000000000006,4.82,5.63,-0.814
Estrada, Marco,462136,2017,806,556,0.256,0.229,0.026999999999999996,0.463,0.409,0.05400000000000005,0.333,0.305,0.028000000000000025,4.98,3.98,1.004
Hammel, Jason,434628,2017,804,602,0.284,0.278,0.00599999999999995,0.442,0.475,-0.032999999999999974,0.329,0.345,-0.01599999999999996,5.29,5.23,0.06
Greinke, Zack,425844,2017,801,541,0.23,0.225,0.0050000000000000044,0.387,0.395,-0.008000000000000007,0.282,0.288,-0.006000000000000005,3.20,3.52,-0.317
Carrasco, Carlos,471911,2017,798,516,0.235,0.235,0,0.386,0.389,-0.0030000000000000027,0.289,0.295,-0.006000000000000005,3.29,3.71,-0.425
Moore, Matt,519043,2017,790,568,0.283,0.275,0.007999999999999952,0.486,0.509,-0.02300000000000002,0.354,0.361,-0.007000000000000006,5.52,5.81,-0.286
Quintana, José,500779,2017,790,512,0.238,0.244,-0.006000000000000005,0.396,0.402,-0.006000000000000005,0.301,0.309,-0.008000000000000007,4.15,4.09,0.06
Nolasco, Ricky,445060,2017,786,582,0.286,0.291,-0.0050000000000000044,0.508,0.518,-0.010000000000000009,0.357,0.366,-0.009000000000000008,4.92,6.00,-1.077
Nova, Iván,467100,2017,785,611,0.277,0.282,-0.004999999999999949,0.464,0.48,-0.01599999999999996,0.33,0.341,-0.01100000000000001,4.14,5.10,-0.961
Leake, Mike,502190,2017,782,606,0.278,0.273,0.0050000000000000044,0.424,0.433,-0.009000000000000008,0.316,0.32,-0.0040000000000000036,3.92,4.42,-0.501
Severino, Luis,622663,2017,782,495,0.208,0.215,-0.007000000000000006,0.338,0.339,-0.0010000000000000009,0.263,0.271,-0.008000000000000007,2.98,3.10,-0.121
Scherzer, Max,453286,2017,779,446,0.178,0.177,0.0010000000000000009,0.319,0.305,0.014000000000000012,0.247,0.243,0.0040000000000000036,2.51,2.49,0.022
Kluber, Corey,446372,2017,777,471,0.193,0.205,-0.011999999999999983,0.321,0.325,-0.0040000000000000036,0.24,0.248,-0.008000000000000007,2.25,2.59,-0.336
Lynn, Lance,458681,2017,776,535,0.223,0.234,-0.01100000000000001,0.395,0.398,-0.0030000000000000027,0.305,0.315,-0.010000000000000009,3.43,4.27,-0.841
Roark, Tanner,543699,2017,776,540,0.254,0.256,-0.0020000000000000018,0.408,0.403,0.004999999999999949,0.313,0.315,-0.0020000000000000018,4.67,4.27,0.395
Straily, Dan,573185,2017,769,534,0.256,0.236,0.020000000000000018,0.466,0.413,0.05300000000000005,0.33,0.306,0.02400000000000002,4.26,4.01,0.251
Darvish, Yu,506433,2017,766,493,0.228,0.233,-0.0050000000000000044,0.397,0.379,0.018000000000000016,0.296,0.295,0.0010000000000000009,3.86,3.71,0.147
Chacín, Jhoulys,468504,2017,765,526,0.235,0.238,-0.0030000000000000027,0.373,0.38,-0.007000000000000006,0.302,0.307,-0.0050000000000000044,3.89,4.04,-0.147
Lester, Jon,452657,2017,763,519,0.259,0.241,0.018000000000000016,0.43,0.392,0.03799999999999998,0.32,0.304,0.016000000000000014,4.33,3.95,0.384
Vargas, Jason,450306,2017,756,559,0.264,0.256,0.008000000000000007,0.442,0.435,0.007000000000000006,0.326,0.325,0.0010000000000000009,4.16,4.57,-0.412
Tanaka, Masahiro,547888,2017,751,509,0.257,0.247,0.010000000000000009,0.467,0.444,0.02300000000000002,0.326,0.315,0.01100000000000001,4.74,4.27,0.474
Bauer, Trevor,545333,2017,749,488,0.266,0.25,0.016000000000000014,0.446,0.422,0.02400000000000002,0.332,0.32,0.01200000000000001,4.18,4.42,-0.235
Cobb, Alex,502171,2017,742,564,0.254,0.27,-0.016000000000000014,0.405,0.432,-0.02699999999999997,0.304,0.324,-0.020000000000000018,3.66,4.54,-0.876
Pomeranz, Drew,519141,2017,739,493,0.252,0.247,0.0050000000000000044,0.388,0.409,-0.020999999999999963,0.31,0.317,-0.007000000000000006,3.32,4.33,-1.013
Lackey, John,407793,2017,731,517,0.252,0.268,-0.016000000000000014,0.469,0.47,-0.0010000000000000009,0.331,0.344,-0.012999999999999956,4.59,5.20,-0.612
Nelson, Jimmy,519076,2017,728,472,0.257,0.233,0.023999999999999994,0.374,0.356,0.018000000000000016,0.301,0.285,0.016000000000000014,3.49,3.45,0.04
Miley, Wade,489119,2017,728,489,0.287,0.278,0.008999999999999952,0.462,0.451,0.01100000000000001,0.362,0.359,0.0030000000000000027,5.61,5.74,-0.134
Ureña, José,570632,2017,724,533,0.238,0.263,-0.025000000000000022,0.415,0.462,-0.04700000000000004,0.316,0.345,-0.02899999999999997,3.82,5.23,-1.411
Perdomo, Luis,606131,2017,716,525,0.285,0.27,0.014999999999999958,0.426,0.42,0.006000000000000005,0.339,0.335,0.0040000000000000036,4.67,4.89,-0.216
Zimmermann, Jordan,519455,2017,713,559,0.313,0.294,0.019000000000000017,0.528,0.512,0.016000000000000014,0.372,0.362,0.010000000000000009,6.08,5.85,0.225
Arrieta, Jake,453562,2017,707,479,0.235,0.24,-0.0050000000000000044,0.411,0.396,0.014999999999999958,0.306,0.305,0.0010000000000000009,3.53,3.98,-0.451
Cashner, Andrew,488768,2017,704,545,0.25,0.275,-0.025000000000000022,0.365,0.403,-0.038000000000000034,0.304,0.33,-0.026000000000000023,3.40,4.73,-1.328
Wacha, Michael,608379,2017,701,485,0.267,0.25,0.017000000000000015,0.409,0.391,0.01799999999999996,0.316,0.305,0.01100000000000001,4.13,3.98,0.149
Strasburg, Stephen,544931,2017,701,443,0.204,0.204,0,0.317,0.333,-0.016000000000000014,0.252,0.263,-0.01100000000000001,2.52,2.92,-0.405
Márquez, Germán,608566,2017,700,496,0.274,0.258,0.016000000000000014,0.473,0.434,0.03899999999999998,0.341,0.324,0.017000000000000015,4.39,4.54,-0.151
Bundy, Dylan,605164,2017,698,488,0.24,0.242,-0.0020000000000000018,0.42,0.441,-0.02100000000000002,0.308,0.321,-0.013000000000000012,4.24,4.45,-0.206
Hellickson, Jeremy,476451,2017,695,544,0.255,0.277,-0.02200000000000002,0.497,0.489,0.008000000000000007,0.338,0.351,-0.012999999999999956,5.43,5.44,-0.007
Gibson, Kyle,502043,2017,693,506,0.292,0.289,0.0030000000000000027,0.468,0.465,0.0030000000000000027,0.355,0.354,0.0010000000000000009,5.07,5.55,-0.48
Nola, Aaron,605400,2017,693,458,0.241,0.224,0.016999999999999987,0.383,0.36,0.02300000000000002,0.293,0.279,0.013999999999999957,3.54,3.30,0.236
Blach, Ty,621389,2017,692,575,0.283,0.289,-0.006000000000000005,0.439,0.447,-0.008000000000000007,0.326,0.336,-0.010000000000000009,4.78,4.93,-0.146
Foltynewicz, Mike,592314,2017,692,480,0.277,0.265,0.01200000000000001,0.446,0.436,0.010000000000000009,0.342,0.335,0.007000000000000006,4.79,4.89,-0.098
Manaea, Sean,640455,2017,691,486,0.268,0.264,0.0040000000000000036,0.427,0.426,0.0010000000000000009,0.329,0.329,0,4.37,4.70,-0.332
Freeland, Kyle,607536,2017,688,510,0.284,0.258,0.025999999999999968,0.436,0.394,0.04199999999999998,0.34,0.32,0.020000000000000018,4.10,4.42,-0.324
González, Miguel,456068,2017,684,523,0.271,0.269,0.0020000000000000018,0.458,0.462,-0.0040000000000000036,0.337,0.341,-0.0040000000000000036,4.62,5.10,-0.485
Walker, Taijuan,592836,2017,683,467,0.247,0.244,0.0030000000000000027,0.41,0.406,0.003999999999999948,0.311,0.313,-0.0020000000000000018,3.49,4.21,-0.721
Kuhl, Chad,641771,2017,680,460,0.269,0.262,0.007000000000000006,0.441,0.419,0.02200000000000002,0.338,0.332,0.006000000000000005,4.35,4.80,-0.453
Miranda, Aríel,664641,2017,678,473,0.233,0.241,-0.00799999999999998,0.473,0.463,0.009999999999999953,0.329,0.334,-0.0050000000000000044,5.12,4.86,0.259
Kershaw, Clayton,477132,2017,678,446,0.212,0.213,-0.0010000000000000009,0.357,0.364,-0.007000000000000006,0.258,0.263,-0.0050000000000000044,2.31,2.92,-0.606
Gray, Sonny,543243,2017,678,465,0.226,0.245,-0.01899999999999999,0.374,0.404,-0.030000000000000027,0.29,0.31,-0.020000000000000018,3.55,4.12,-0.572
Fulmer, Michael,605242,2017,676,514,0.243,0.259,-0.016000000000000014,0.35,0.407,-0.056999999999999995,0.279,0.31,-0.030999999999999972,3.83,4.12,-0.294
García, Jaime,448802,2017,673,479,0.261,0.259,0.0020000000000000018,0.429,0.425,0.0040000000000000036,0.324,0.325,-0.0010000000000000009,4.41,4.57,-0.156
Fiers, Mike,571666,2017,670,449,0.266,0.256,0.010000000000000009,0.479,0.445,0.033999999999999975,0.354,0.341,0.012999999999999956,5.22,5.10,0.124
Ray, Robbie,592662,2017,665,371,0.199,0.215,-0.015999999999999986,0.356,0.37,-0.014000000000000012,0.282,0.297,-0.015000000000000013,2.89,3.76,-0.871
Kennedy, Ian,453178,2017,655,458,0.246,0.263,-0.017000000000000015,0.485,0.515,-0.030000000000000027,0.338,0.359,-0.020999999999999963,5.38,5.74,-0.363
Montgomery, Jordan,656756,2017,649,453,0.236,0.239,-0.0030000000000000027,0.387,0.399,-0.01200000000000001,0.295,0.307,-0.01200000000000001,3.88,4.04,-0.158
Cueto, Johnny,456501,2017,648,451,0.277,0.282,-0.004999999999999949,0.47,0.476,-0.006000000000000005,0.347,0.354,-0.007000000000000006,4.52,5.55,-1.03
Colon, Bartolo,112526,2017,648,523,0.318,0.284,0.03400000000000003,0.554,0.5,0.05400000000000005,0.381,0.351,0.030000000000000027,6.48,5.44,1.043
Jiménez, Ubaldo,434622,2017,648,446,0.291,0.28,0.010999999999999954,0.543,0.482,0.061000000000000054,0.379,0.358,0.02100000000000002,6.81,5.70,1.113
Williams, Trevor,592866,2017,642,463,0.255,0.254,0.0010000000000000009,0.389,0.396,-0.007000000000000006,0.309,0.317,-0.008000000000000007,4.07,4.33,-0.259
Chatwood, Tyler,543022,2017,631,430,0.25,0.253,-0.0030000000000000027,0.442,0.399,0.04299999999999998,0.338,0.33,0.008000000000000007,4.69,4.73,-0.037
Godley, Zack,643327,2017,627,404,0.221,0.23,-0.009000000000000008,0.364,0.368,-0.0040000000000000036,0.285,0.295,-0.010000000000000009,3.37,3.71,-0.342
Holland, Derek,502706,2017,626,438,0.29,0.287,0.0030000000000000027,0.535,0.511,0.02400000000000002,0.388,0.384,0.0040000000000000036,6.20,6.74,-0.54
Happ, J.A.,457918,2017,626,438,0.252,0.237,0.015000000000000013,0.395,0.376,0.019000000000000017,0.301,0.291,0.010000000000000009,3.53,3.60,-0.07
Sabathia, CC,282332,2017,623,448,0.246,0.258,-0.01200000000000001,0.403,0.397,0.006000000000000005,0.309,0.315,-0.006000000000000005,3.69,4.27,-0.577
Ramírez, JC,500724,2017,620,460,0.267,0.273,-0.006000000000000005,0.43,0.454,-0.02400000000000002,0.327,0.341,-0.014000000000000012,4.15,5.10,-0.946
Morton, Charlie,450203,2017,617,390,0.228,0.229,-0.0010000000000000009,0.386,0.357,0.029000000000000026,0.301,0.294,0.007000000000000006,3.62,3.68,-0.06
Berríos, José,621244,2017,616,416,0.239,0.232,0.0069999999999999785,0.38,0.387,-0.007000000000000006,0.302,0.306,-0.0040000000000000036,3.89,4.01,-0.118
Hamels, Cole,430935,2017,614,445,0.228,0.251,-0.022999999999999993,0.385,0.427,-0.04199999999999998,0.301,0.327,-0.026000000000000023,4.20,4.64,-0.444
Wood, Alex,622072,2017,614,419,0.217,0.234,-0.017000000000000015,0.346,0.36,-0.014000000000000012,0.266,0.28,-0.014000000000000012,2.72,3.32,-0.602
Duffy, Danny,518633,2017,609,434,0.257,0.248,0.009000000000000008,0.397,0.405,-0.008000000000000007,0.306,0.309,-0.0030000000000000027,3.81,4.09,-0.277
Boyd, Matthew,571510,2017,605,439,0.291,0.263,0.02799999999999997,0.472,0.445,0.02699999999999997,0.35,0.333,0.01699999999999996,5.27,4.83,0.437
Odorizzi, Jake,543606,2017,603,413,0.22,0.24,-0.01999999999999999,0.437,0.445,-0.008000000000000007,0.313,0.326,-0.013000000000000012,4.14,4.61,-0.466
Taillon, Jameson,592791,2017,587,412,0.29,0.255,0.034999999999999976,0.44,0.382,0.057999999999999996,0.337,0.305,0.03200000000000003,4.44,3.98,0.464
Chavez, Jesse,445926,2017,586,420,0.276,0.277,-0.0010000000000000009,0.493,0.501,-0.008000000000000007,0.348,0.354,-0.006000000000000005,5.35,5.55,-0.202
Tomlin, Josh,458708,2017,585,458,0.294,0.3,-0.006000000000000005,0.493,0.511,-0.018000000000000016,0.34,0.351,-0.010999999999999954,4.98,5.44,-0.461
Pivetta, Nick,601713,2017,584,383,0.281,0.256,0.025000000000000022,0.492,0.438,0.05399999999999999,0.358,0.336,0.021999999999999964,6.02,4.93,1.093
Keuchel, Dallas,572971,2017,583,409,0.218,0.234,-0.016000000000000014,0.336,0.35,-0.013999999999999957,0.273,0.287,-0.013999999999999957,2.90,3.50,-0.596
Rodriguez, Eduardo,593958,2017,582,377,0.241,0.229,0.011999999999999983,0.424,0.412,0.01200000000000001,0.315,0.309,0.006000000000000005,4.19,4.09,0.104
Gallardo, Yovani,451596,2017,578,422,0.271,0.276,-0.0050000000000000044,0.472,0.479,-0.007000000000000006,0.349,0.356,-0.007000000000000006,5.72,5.63,0.087
Eickhoff, Jerad,595191,2017,576,400,0.281,0.264,0.017000000000000015,0.445,0.448,-0.0030000000000000027,0.338,0.337,0.0010000000000000009,4.71,4.96,-0.249
Hendricks, Kyle,543294,2017,570,405,0.242,0.251,-0.009000000000000008,0.372,0.39,-0.018000000000000016,0.291,0.303,-0.01200000000000001,3.03,3.92,-0.891
Anderson, Chase,502624,2017,569,388,0.22,0.213,0.007000000000000006,0.362,0.351,0.01100000000000001,0.281,0.275,0.006000000000000005,2.74,3.20,-0.462
Cain, Matt,430912,2017,567,441,0.31,0.296,0.014000000000000012,0.477,0.489,-0.01200000000000001,0.358,0.361,-0.0030000000000000027,5.43,5.81,-0.381
Cotton, Jharel,605194,2017,564,402,0.267,0.241,0.026000000000000023,0.494,0.429,0.065,0.352,0.322,0.02999999999999997,5.58,4.48,1.101
Senzatela, Antonio,622608,2017,564,411,0.254,0.265,-0.01100000000000001,0.437,0.411,0.026000000000000023,0.322,0.327,-0.0050000000000000044,4.68,4.64,0.038
Maeda, Kenta,628317,2017,557,378,0.238,0.23,0.00799999999999998,0.423,0.377,0.045999999999999985,0.303,0.286,0.017000000000000015,4.22,3.47,0.751
Paxton, James,572020,2017,552,356,0.223,0.213,0.010000000000000009,0.324,0.306,0.018000000000000016,0.263,0.256,0.007000000000000006,2.98,2.76,0.218
Hill, Rich,448179,2017,552,328,0.203,0.196,0.007000000000000006,0.352,0.348,0.0040000000000000036,0.28,0.278,0.0020000000000000018,3.32,3.27,0.047
Montero, Rafael,606160,2017,550,364,0.306,0.25,0.055999999999999994,0.438,0.374,0.064,0.359,0.32,0.03899999999999998,5.52,4.42,1.101
Gsellman, Robert,607229,2017,549,417,0.28,0.28,0,0.462,0.443,0.019000000000000017,0.344,0.34,0.003999999999999948,5.19,5.06,0.129
Snell, Blake,605483,2017,547,368,0.234,0.232,0.0020000000000000018,0.39,0.384,0.006000000000000005,0.308,0.306,0.0020000000000000018,4.04,4.01,0.026
Pelfrey, Mike,460059,2017,546,395,0.27,0.267,0.0030000000000000027,0.488,0.463,0.024999999999999967,0.362,0.356,0.006000000000000005,5.92,5.63,0.295
Wainwright, Adam,425794,2017,546,400,0.286,0.275,0.010999999999999954,0.443,0.412,0.031000000000000028,0.34,0.327,0.013000000000000012,5.11,4.64,0.468
Peacock, Brad,502748,2017,546,325,0.206,0.195,0.010999999999999982,0.322,0.313,0.009000000000000008,0.274,0.268,0.006000000000000005,3.00,3.03,-0.03
Ryu, Hyun Jin,547943,2017,541,376,0.263,0.259,0.0040000000000000036,0.462,0.437,0.025000000000000022,0.336,0.328,0.008000000000000007,3.77,4.67,-0.904
Montgomery, Mike,543557,2017,540,377,0.219,0.238,-0.01899999999999999,0.321,0.352,-0.030999999999999972,0.28,0.301,-0.020999999999999963,3.38,3.87,-0.495
Ramírez, Erasmo,541640,2017,539,397,0.247,0.258,-0.01100000000000001,0.443,0.458,-0.015000000000000013,0.308,0.325,-0.017000000000000015,4.39,4.57,-0.184
Adleman, Tim,534947,2017,531,366,0.264,0.244,0.020000000000000018,0.531,0.46,0.07100000000000001,0.365,0.337,0.02799999999999997,5.52,4.96,0.558
Biagini, Joe,607352,2017,517,376,0.265,0.251,0.014000000000000012,0.425,0.385,0.03999999999999998,0.323,0.306,0.017000000000000015,5.34,4.01,1.33
Shields, James,448306,2017,516,357,0.253,0.265,-0.01200000000000001,0.49,0.487,0.0030000000000000027,0.348,0.354,-0.006000000000000005,5.23,5.55,-0.319
McCullers Jr., Lance,621121,2017,512,329,0.249,0.231,0.017999999999999988,0.372,0.346,0.026000000000000023,0.305,0.292,0.013000000000000012,4.25,3.63,0.617
Garza, Matt,490063,2017,504,379,0.27,0.27,0,0.458,0.423,0.03500000000000003,0.336,0.328,0.008000000000000007,4.95,4.67,0.275
Clevinger, Mike,605182,2017,501,301,0.211,0.229,-0.018000000000000016,0.357,0.386,-0.029000000000000026,0.294,0.312,-0.018000000000000016,3.11,4.18,-1.073
Bridwell, Parker,592170,2017,492,385,0.252,0.291,-0.03899999999999998,0.417,0.488,-0.07100000000000001,0.309,0.353,-0.043999999999999984,3.65,5.52,-1.875
Lamet, Dinelson,659275,2017,485,286,0.21,0.203,0.0069999999999999785,0.401,0.386,0.015000000000000013,0.304,0.301,0.0030000000000000027,4.57,3.87,0.696
Sánchez, Aníbal,434671,2017,482,345,0.313,0.268,0.044999999999999984,0.547,0.478,0.06900000000000006,0.38,0.338,0.04199999999999998,6.41,4.99,1.418
Martinez, Nick,607259,2017,478,381,0.279,0.279,0,0.515,0.493,0.02200000000000002,0.352,0.349,0.0030000000000000027,5.66,5.37,0.289
Feldman, Scott,444857,2017,472,338,0.274,0.278,-0.0040000000000000036,0.483,0.46,0.022999999999999965,0.347,0.344,0.0030000000000000027,4.77,5.20,-0.431
Conley, Adam,543045,2017,463,341,0.283,0.273,0.009999999999999953,0.491,0.483,0.008000000000000007,0.36,0.357,0.0030000000000000027,6.14,5.66,0.476
Gray, Jon,592351,2017,461,317,0.266,0.253,0.013000000000000012,0.4,0.379,0.02100000000000002,0.309,0.3,0.009000000000000008,3.67,3.84,-0.169
Musgrove, Joe,605397,2017,461,331,0.277,0.256,0.02100000000000002,0.472,0.433,0.03899999999999998,0.338,0.319,0.019000000000000017,4.77,4.39,0.384
Norris, Daniel,596057,2017,459,326,0.295,0.272,0.022999999999999965,0.474,0.48,-0.006000000000000005,0.357,0.353,0.0040000000000000036,5.31,5.52,-0.209
Newcomb, Sean,656794,2017,456,285,0.26,0.252,0.008000000000000007,0.418,0.404,0.013999999999999957,0.335,0.331,0.0040000000000000036,4.32,4.76,-0.44
Bumgarner, Madison,518516,2017,450,326,0.238,0.25,-0.01200000000000001,0.427,0.435,-0.008000000000000007,0.295,0.306,-0.01100000000000001,3.32,4.01,-0.686
Tillman, Chris,501957,2017,444,326,0.324,0.312,0.01200000000000001,0.575,0.55,0.02499999999999991,0.414,0.403,0.010999999999999954,7.84,7.59,0.249
Graveman, Kendall,608665,2017,444,338,0.28,0.281,-0.0010000000000000009,0.442,0.468,-0.026000000000000023,0.334,0.346,-0.011999999999999955,4.19,5.27,-1.083
Mejía, Adalberto,606167,2017,443,309,0.281,0.271,0.010000000000000009,0.463,0.453,0.010000000000000009,0.349,0.345,0.0040000000000000036,4.50,5.23,-0.73
Hoffman, Jeff,656546,2017,440,314,0.273,0.249,0.02400000000000002,0.49,0.446,0.043999999999999984,0.351,0.331,0.019999999999999962,5.89,4.76,1.129
Liriano, Francisco,434538,2017,439,297,0.279,0.258,0.02100000000000002,0.454,0.409,0.04500000000000004,0.354,0.339,0.014999999999999958,5.66,5.03,0.63
Salazar, Danny,517593,2017,439,247,0.242,0.237,0.0050000000000000044,0.399,0.403,-0.0040000000000000036,0.313,0.314,-0.0010000000000000009,4.28,4.24,0.042
Lugo, Seth,607625,2017,436,324,0.284,0.268,0.01599999999999996,0.445,0.437,0.008000000000000007,0.327,0.326,0.0010000000000000009,4.71,4.61,0.097
Wood, Travis,475243,2017,436,324,0.311,0.28,0.030999999999999972,0.529,0.495,0.03400000000000003,0.385,0.365,0.020000000000000018,6.80,5.97,0.828
Harvey, Matt,518774,2017,431,311,0.295,0.278,0.01699999999999996,0.509,0.493,0.016000000000000014,0.377,0.369,0.008000000000000007,6.70,6.12,0.581
Junis, Jakob,596001,2017,422,308,0.264,0.272,-0.008000000000000007,0.44,0.483,-0.04299999999999998,0.325,0.347,-0.021999999999999964,4.30,5.30,-0.998
Bailey, Homer,456701,2017,420,303,0.309,0.299,0.010000000000000009,0.485,0.455,0.02999999999999997,0.375,0.366,0.009000000000000008,6.43,6.00,0.429
Gossett, Daniel,605254,2017,414,311,0.306,0.311,-0.0050000000000000044,0.549,0.538,0.01100000000000001,0.38,0.383,-0.0030000000000000027,6.11,6.70,-0.591
Pineda, Michael,501381,2017,410,295,0.269,0.257,0.01200000000000001,0.462,0.428,0.03400000000000003,0.325,0.312,0.013000000000000012,4.39,4.18,0.211
Volquez, Edinson,450172,2017,396,260,0.236,0.256,-0.020000000000000018,0.378,0.414,-0.035999999999999976,0.313,0.344,-0.030999999999999972,4.19,5.20,-1.009
Leiter Jr., Mark,643410,2017,395,273,0.254,0.263,-0.009000000000000008,0.46,0.451,0.009000000000000008,0.333,0.338,-0.0050000000000000044,4.96,4.99,-0.027
Fister, Doug,450729,2017,392,268,0.254,0.246,0.008000000000000007,0.397,0.38,0.017000000000000015,0.312,0.311,0.0010000000000000009,4.88,4.15,0.732
Wheeler, Zack,554430,2017,386,262,0.284,0.259,0.024999999999999967,0.465,0.439,0.026000000000000023,0.355,0.338,0.01699999999999996,5.21,4.99,0.222
Romano, Sal,607219,2017,384,270,0.275,0.239,0.03600000000000003,0.45,0.367,0.08300000000000002,0.34,0.304,0.03600000000000003,4.45,3.95,0.498
McCarthy, Brandon,435221,2017,384,282,0.256,0.255,0.0010000000000000009,0.354,0.35,0.0040000000000000036,0.292,0.294,-0.0020000000000000018,3.98,3.68,0.302
Stephenson, Robert,596112,2017,383,242,0.256,0.253,0.0030000000000000027,0.445,0.454,-0.009000000000000008,0.344,0.352,-0.008000000000000007,4.68,5.48,-0.803
Cahill, Trevor,502239,2017,381,246,0.275,0.236,0.039000000000000035,0.483,0.395,0.08799999999999997,0.364,0.32,0.043999999999999984,4.93,4.42,0.509
Andriese, Matt,542882,2017,374,266,0.264,0.264,0,0.469,0.467,0.0019999999999999463,0.338,0.339,-0.0010000000000000009,4.50,5.03,-0.53
Lively, Ben,594902,2017,372,288,0.269,0.253,0.016000000000000014,0.484,0.447,0.03699999999999998,0.343,0.329,0.014000000000000012,4.26,4.70,-0.437
Pruitt, Austin,643493,2017,371,278,0.3,0.263,0.03699999999999998,0.475,0.433,0.04199999999999998,0.352,0.322,0.02999999999999997,5.31,4.48,0.833
Hernández, Félix,433587,2017,368,257,0.258,0.273,-0.015000000000000013,0.468,0.512,-0.043999999999999984,0.337,0.36,-0.022999999999999965,4.36,5.78,-1.418
Skaggs, Tyler,572140,2017,365,255,0.274,0.263,0.01100000000000001,0.45,0.446,0.0040000000000000036,0.339,0.337,0.0020000000000000018,4.55,4.96,-0.407
Anderson, Tyler,542881,2017,362,253,0.269,0.24,0.029000000000000026,0.495,0.423,0.07200000000000001,0.346,0.314,0.03199999999999997,4.81,4.24,0.574
Lorenzen, Michael,547179,2017,361,243,0.244,0.235,0.009000000000000008,0.372,0.364,0.008000000000000007,0.3,0.297,0.0030000000000000027,4.45,3.76,0.686
Castillo, Luis,622491,2017,359,226,0.202,0.196,0.006000000000000005,0.36,0.311,0.04899999999999999,0.276,0.261,0.015000000000000013,3.12,2.87,0.253
Faria, Jake,607188,2017,357,237,0.225,0.235,-0.009999999999999981,0.377,0.384,-0.007000000000000006,0.294,0.306,-0.01200000000000001,3.43,4.01,-0.583
Petit, Yusmeiro,433589,2017,354,234,0.207,0.213,-0.006000000000000005,0.321,0.362,-0.04099999999999998,0.243,0.261,-0.018000000000000016,2.76,2.87,-0.111
Suter, Brent,608718,2017,341,253,0.263,0.258,0.0050000000000000044,0.387,0.384,0.0030000000000000027,0.302,0.301,0.0010000000000000009,3.42,3.87,-0.454
Rusin, Chris,543734,2017,340,247,0.24,0.235,0.0050000000000000044,0.358,0.362,-0.0040000000000000036,0.278,0.281,-0.0030000000000000027,2.65,3.34,-0.693
Jackson, Edwin,429719,2017,339,250,0.284,0.259,0.024999999999999967,0.548,0.486,0.062000000000000055,0.37,0.346,0.02400000000000002,5.21,5.27,-0.059
Griffin, A.J.,456167,2017,338,243,0.253,0.233,0.01999999999999999,0.527,0.462,0.065,0.356,0.33,0.025999999999999968,5.93,4.73,1.205
Koehler, Tom,543408,2017,334,230,0.288,0.269,0.01899999999999996,0.507,0.458,0.04899999999999999,0.375,0.356,0.019000000000000017,6.69,5.63,1.058
Worley, Vance,474699,2017,333,247,0.339,0.296,0.04300000000000004,0.534,0.471,0.06300000000000006,0.396,0.359,0.03700000000000003,6.91,5.74,1.167
Wood, Blake,502028,2017,332,214,0.286,0.249,0.03699999999999998,0.422,0.356,0.066,0.334,0.301,0.03300000000000003,5.45,3.87,1.578
McGowan, Dustin,430661,2017,331,237,0.262,0.27,-0.008000000000000007,0.456,0.476,-0.019999999999999962,0.328,0.347,-0.01899999999999996,4.75,5.30,-0.549
Stammen, Craig,489334,2017,329,225,0.229,0.235,-0.005999999999999978,0.384,0.397,-0.013000000000000012,0.294,0.302,-0.008000000000000007,3.14,3.90,-0.763
Shoemaker, Matt,533167,2017,326,224,0.251,0.243,0.008000000000000007,0.464,0.469,-0.004999999999999949,0.336,0.339,-0.0030000000000000027,4.52,5.03,-0.511
Treinen, Blake,595014,2017,325,221,0.274,0.254,0.020000000000000018,0.397,0.373,0.02400000000000002,0.317,0.303,0.014000000000000012,3.92,3.92,0.005
Lyles, Jordan,543475,2017,324,243,0.325,0.288,0.03700000000000003,0.569,0.487,0.08199999999999996,0.398,0.354,0.04400000000000004,7.75,5.55,2.201
Claudio, Alex,592222,2017,323,250,0.235,0.239,-0.0040000000000000036,0.318,0.322,-0.0040000000000000036,0.253,0.261,-0.008000000000000007,2.50,2.87,-0.366
Torres, Carlos,448614,2017,322,230,0.279,0.26,0.019000000000000017,0.429,0.41,0.019000000000000017,0.339,0.329,0.010000000000000009,4.21,4.70,-0.489
Ross, Joe,605452,2017,322,233,0.297,0.285,0.01200000000000001,0.524,0.489,0.03500000000000003,0.364,0.348,0.016000000000000014,5.01,5.34,-0.331
Arroyo, Bronson,276520,2017,322,256,0.32,0.29,0.030000000000000027,0.653,0.54,0.11299999999999999,0.417,0.368,0.04899999999999999,7.35,6.08,1.272
Garrett, Amir,607237,2017,321,216,0.269,0.27,-0.0010000000000000009,0.575,0.484,0.09099999999999997,0.388,0.366,0.02200000000000002,7.39,6.00,1.387
Neris, Hector,593576,2017,320,202,0.239,0.224,0.014999999999999986,0.375,0.402,-0.027000000000000024,0.298,0.305,-0.007000000000000006,3.01,3.98,-0.967
Tepera, Ryan,572193,2017,319,199,0.205,0.216,-0.01100000000000001,0.331,0.346,-0.014999999999999958,0.277,0.29,-0.012999999999999956,3.59,3.57,0.022
Price, David,456034,2017,317,213,0.226,0.23,-0.0040000000000000036,0.359,0.398,-0.039000000000000035,0.285,0.302,-0.017000000000000015,3.38,3.90,-0.525
Devenski, Chris,606965,2017,316,188,0.174,0.185,-0.01100000000000001,0.341,0.337,0.0040000000000000036,0.251,0.257,-0.006000000000000005,2.68,2.78,-0.102
Velasquez, Vince,592826,2017,315,210,0.27,0.274,-0.0040000000000000036,0.496,0.484,0.01200000000000001,0.36,0.362,-0.0020000000000000018,5.13,5.85,-0.725
Givens, Mychal,571710,2017,315,197,0.2,0.218,-0.017999999999999988,0.34,0.374,-0.033999999999999975,0.27,0.29,-0.019999999999999962,2.75,3.57,-0.824
Hahn, Jesse,534910,2017,315,230,0.283,0.268,0.014999999999999958,0.402,0.422,-0.019999999999999962,0.324,0.332,-0.008000000000000007,5.30,4.80,0.497
Guerra, Junior,448855,2017,314,200,0.23,0.259,-0.028999999999999998,0.472,0.462,0.009999999999999953,0.35,0.361,-0.01100000000000001,5.12,5.81,-0.692
Gaviglio, Sam,543208,2017,313,235,0.27,0.284,-0.013999999999999957,0.512,0.495,0.017000000000000015,0.356,0.361,-0.0050000000000000044,4.36,5.81,-1.451
Shaw, Bryan,543766,2017,312,217,0.247,0.222,0.024999999999999994,0.354,0.301,0.05299999999999999,0.281,0.255,0.026000000000000023,3.52,2.74,0.782
Hand, Brad,543272,2017,311,180,0.191,0.192,-0.0010000000000000009,0.319,0.302,0.017000000000000015,0.255,0.251,0.0040000000000000036,2.15,2.66,-0.505
Santiago, Héctor,502327,2017,311,224,0.255,0.276,-0.02100000000000002,0.442,0.555,-0.11300000000000004,0.338,0.386,-0.04799999999999999,5.63,6.82,-1.19
Duffey, Tyler,608648,2017,310,224,0.275,0.264,0.01100000000000001,0.404,0.463,-0.059,0.304,0.327,-0.02300000000000002,4.94,4.64,0.304
Knebel, Corey,608349,2017,309,141,0.18,0.167,0.012999999999999984,0.277,0.273,0.0040000000000000036,0.254,0.249,0.0050000000000000044,1.78,2.61,-0.834
Covey, Dylan,592229,2017,309,233,0.305,0.299,0.006000000000000005,0.596,0.55,0.04599999999999993,0.408,0.392,0.01599999999999996,7.71,7.09,0.624
Minor, Mike,501985,2017,307,196,0.204,0.185,0.01899999999999999,0.321,0.289,0.03200000000000003,0.252,0.234,0.017999999999999988,2.55,2.31,0.239
Iglesias, Raisel,628452,2017,306,186,0.207,0.208,-0.0010000000000000009,0.297,0.313,-0.016000000000000014,0.256,0.263,-0.007000000000000006,2.49,2.92,-0.433
Reed, Addison,592665,2017,306,214,0.226,0.246,-0.01999999999999999,0.39,0.422,-0.03199999999999997,0.275,0.299,-0.023999999999999966,2.84,3.81,-0.968
Glasnow, Tyler,607192,2017,305,203,0.319,0.276,0.04299999999999998,0.575,0.479,0.09599999999999997,0.418,0.373,0.044999999999999984,7.69,6.28,1.414
Barnes, Jacob,606930,2017,304,188,0.215,0.206,0.009000000000000008,0.358,0.315,0.04299999999999998,0.287,0.276,0.010999999999999954,4.00,3.22,0.78
Stripling, Ross,548389,2017,304,211,0.246,0.236,0.010000000000000009,0.4,0.374,0.026000000000000023,0.29,0.278,0.011999999999999955,3.75,3.27,0.483
Swarzak, Anthony,461872,2017,303,188,0.211,0.192,0.01899999999999999,0.324,0.304,0.020000000000000018,0.255,0.242,0.013000000000000012,2.33,2.47,-0.142
Vázquez, Felipe,553878,2017,300,188,0.171,0.195,-0.023999999999999994,0.236,0.294,-0.057999999999999996,0.215,0.247,-0.032,1.67,2.57,-0.897
Bibens-Dirkx, Austin,502212,2017,299,238,0.27,0.285,-0.014999999999999958,0.478,0.52,-0.04200000000000004,0.34,0.363,-0.022999999999999965,4.67,5.89,-1.217
Matz, Steven,571927,2017,298,228,0.305,0.285,0.020000000000000018,0.504,0.469,0.03500000000000003,0.363,0.346,0.017000000000000015,6.08,5.27,0.805
Rodón, Carlos,607074,2017,297,187,0.246,0.245,0.0010000000000000009,0.438,0.403,0.034999999999999976,0.331,0.32,0.01100000000000001,4.15,4.42,-0.266
García, Luis,472610,2017,295,209,0.229,0.233,-0.0040000000000000036,0.297,0.342,-0.04500000000000004,0.258,0.279,-0.02100000000000002,2.65,3.30,-0.65
Jeffress, Jeremy,502026,2017,295,208,0.284,0.247,0.03699999999999998,0.459,0.399,0.06,0.354,0.323,0.030999999999999972,4.68,4.51,0.174
Beck, Chris,571476,2017,294,214,0.29,0.285,0.0050000000000000044,0.548,0.514,0.03400000000000003,0.386,0.377,0.009000000000000008,6.40,6.44,-0.038
Bell, Chad,518445,2017,293,202,0.313,0.289,0.02400000000000002,0.514,0.503,0.01100000000000001,0.384,0.372,0.01200000000000001,6.93,6.24,0.69
Meyer, Alex,543542,2017,292,171,0.197,0.226,-0.028999999999999998,0.324,0.349,-0.024999999999999967,0.293,0.318,-0.025000000000000022,3.74,4.36,-0.617
Watson, Tony,453265,2017,291,213,0.278,0.235,0.04300000000000004,0.425,0.343,0.08199999999999996,0.321,0.276,0.044999999999999984,3.38,3.22,0.155
Nicasio, Juan,504379,2017,290,196,0.217,0.231,-0.014000000000000012,0.333,0.348,-0.014999999999999958,0.265,0.278,-0.013000000000000012,2.61,3.27,-0.657
Bradley, Archie,605151,2017,290,189,0.207,0.23,-0.02300000000000002,0.301,0.355,-0.05399999999999999,0.248,0.279,-0.031000000000000028,1.73,3.30,-1.574
Kintzler, Brandon,445213,2017,288,230,0.248,0.252,-0.0040000000000000036,0.342,0.388,-0.045999999999999985,0.276,0.299,-0.022999999999999965,3.03,3.81,-0.782
Barnes, Matt,598264,2017,287,175,0.224,0.21,0.014000000000000012,0.354,0.322,0.03199999999999997,0.287,0.276,0.010999999999999954,3.88,3.22,0.656
Barraclough, Kyle,607457,2017,286,170,0.222,0.209,0.013000000000000012,0.31,0.312,-0.0020000000000000018,0.285,0.286,-0.0010000000000000009,3.00,3.47,-0.47
Gearrin, Cory,518715,2017,285,179,0.208,0.214,-0.006000000000000005,0.321,0.31,0.01100000000000001,0.286,0.286,0,1.99,3.47,-1.485
Alexander, Scott,518397,2017,284,196,0.246,0.229,0.016999999999999987,0.325,0.337,-0.01200000000000001,0.288,0.289,-0.0010000000000000009,2.48,3.55,-1.072
Torres, José,600526,2017,284,201,0.244,0.234,0.009999999999999981,0.457,0.419,0.038000000000000034,0.317,0.305,0.01200000000000001,4.21,3.98,0.235
Greene, Shane,572888,2017,283,172,0.205,0.23,-0.025000000000000022,0.32,0.376,-0.055999999999999994,0.278,0.311,-0.032999999999999974,2.66,4.15,-1.49
LeBlanc, Wade,453281,2017,283,211,0.243,0.282,-0.03899999999999998,0.426,0.463,-0.03700000000000003,0.304,0.338,-0.03400000000000003,4.50,4.99,-0.49
Triggs, Andrew,592811,2017,283,210,0.266,0.256,0.010000000000000009,0.41,0.406,0.003999999999999948,0.316,0.317,-0.0010000000000000009,4.27,4.33,-0.06
Allen, Cody,592102,2017,282,167,0.221,0.197,0.023999999999999994,0.364,0.352,0.01200000000000001,0.283,0.269,0.013999999999999957,2.94,3.06,-0.119
Colomé, Alex,517008,2017,281,197,0.232,0.214,0.018000000000000016,0.337,0.342,-0.0050000000000000044,0.268,0.271,-0.0030000000000000027,3.24,3.10,0.14
Saupold, Warwick,599683,2017,280,199,0.267,0.258,0.009000000000000008,0.417,0.435,-0.018000000000000016,0.334,0.341,-0.007000000000000006,4.88,5.10,-0.217
Báez, Pedro,520980,2017,280,185,0.225,0.235,-0.009999999999999981,0.418,0.388,0.02999999999999997,0.311,0.308,0.0030000000000000027,2.95,4.07,-1.117
Eflin, Zach,621107,2017,280,228,0.309,0.292,0.017000000000000015,0.551,0.53,0.02100000000000002,0.373,0.366,0.007000000000000006,6.16,6.00,0.155
Leone, Dominic,608678,2017,279,175,0.202,0.203,-0.0010000000000000009,0.36,0.354,0.006000000000000005,0.264,0.269,-0.0050000000000000044,2.56,3.06,-0.501
Díaz, Edwin,621242,2017,278,154,0.183,0.171,0.011999999999999983,0.333,0.285,0.04800000000000004,0.272,0.251,0.02100000000000002,3.27,2.66,0.613
Kontos, George,502004,2017,278,188,0.242,0.225,0.016999999999999987,0.413,0.357,0.055999999999999994,0.301,0.276,0.024999999999999967,3.39,3.22,0.172
Wojciechowski, Asher,592879,2017,278,190,0.287,0.24,0.046999999999999986,0.551,0.448,0.10300000000000004,0.374,0.321,0.05299999999999999,6.50,4.45,2.047
Cecil, Brett,446399,2017,277,195,0.262,0.229,0.033,0.414,0.356,0.057999999999999996,0.299,0.27,0.02899999999999997,3.88,3.08,0.796
Sewald, Paul,623149,2017,275,182,0.237,0.235,0.0020000000000000018,0.404,0.399,0.0050000000000000044,0.3,0.301,-0.0010000000000000009,4.55,3.87,0.676
Brach, Brad,542960,2017,275,179,0.208,0.225,-0.017000000000000015,0.339,0.389,-0.04999999999999999,0.27,0.299,-0.02899999999999997,3.18,3.81,-0.634
Castro, Miguel,612434,2017,274,206,0.224,0.247,-0.022999999999999993,0.376,0.408,-0.03199999999999997,0.291,0.315,-0.02400000000000002,3.53,4.27,-0.742
Hendriks, Liam,521230,2017,273,172,0.229,0.223,0.006000000000000005,0.369,0.403,-0.03400000000000003,0.288,0.298,-0.010000000000000009,4.22,3.79,0.429
Holmberg, David,571787,2017,272,199,0.275,0.3,-0.024999999999999967,0.511,0.551,-0.040000000000000036,0.374,0.399,-0.025000000000000022,4.68,7.41,-2.728
Hudson, Daniel,543339,2017,271,167,0.248,0.239,0.009000000000000008,0.409,0.372,0.03699999999999998,0.331,0.32,0.01100000000000001,4.38,4.42,-0.042
Hembree, Heath,592390,2017,271,182,0.289,0.255,0.033999999999999975,0.466,0.454,0.01200000000000001,0.342,0.325,0.017000000000000015,3.63,4.57,-0.941
McHugh, Collin,543521,2017,270,183,0.253,0.247,0.006000000000000005,0.424,0.415,0.009000000000000008,0.322,0.318,0.0040000000000000036,3.55,4.36,-0.807
Peralta, Wily,503449,2017,269,184,0.315,0.27,0.044999999999999984,0.552,0.466,0.08600000000000002,0.396,0.352,0.04400000000000004,7.85,5.48,2.369
Buchter, Ryan,488748,2017,268,173,0.187,0.179,0.008000000000000007,0.366,0.308,0.057999999999999996,0.277,0.259,0.018000000000000016,2.89,2.83,0.063
Strickland, Hunter,519326,2017,268,179,0.253,0.236,0.017000000000000015,0.365,0.429,-0.064,0.303,0.319,-0.016000000000000014,2.64,4.39,-1.749
Norris, Bud,502032,2017,267,163,0.236,0.233,0.002999999999999975,0.371,0.361,0.010000000000000009,0.301,0.298,0.0030000000000000027,4.21,3.79,0.42
Maurer, Brandon,543506,2017,267,188,0.298,0.272,0.025999999999999968,0.49,0.466,0.023999999999999966,0.352,0.335,0.01699999999999996,6.52,4.89,1.632
Smoker, Josh,519294,2017,267,164,0.282,0.241,0.04099999999999998,0.485,0.415,0.07,0.358,0.323,0.034999999999999976,5.11,4.51,0.602
Jennings, Dan,543359,2017,266,183,0.227,0.243,-0.015999999999999986,0.348,0.367,-0.019000000000000017,0.286,0.31,-0.02400000000000002,3.45,4.12,-0.673
Barnes, Danny,592130,2017,265,178,0.2,0.199,0.0010000000000000009,0.371,0.349,0.02200000000000002,0.279,0.271,0.008000000000000007,3.54,3.10,0.445
Oberg, Scott,623184,2017,265,184,0.297,0.255,0.04199999999999998,0.436,0.358,0.07800000000000001,0.343,0.301,0.04200000000000004,4.94,3.87,1.067
Asher, Alec,594742,2017,265,188,0.263,0.25,0.013000000000000012,0.448,0.428,0.020000000000000018,0.339,0.328,0.01100000000000001,5.25,4.67,0.58
Bleier, Richard,542947,2017,265,222,0.257,0.254,0.0030000000000000027,0.369,0.368,0.0010000000000000009,0.286,0.287,-0.0010000000000000009,1.99,3.50,-1.511
Loup, Aaron,571901,2017,265,166,0.262,0.215,0.047000000000000014,0.36,0.307,0.05299999999999999,0.316,0.28,0.035999999999999976,3.75,3.32,0.426
Lawrence, Casey,596271,2017,264,186,0.328,0.255,0.07300000000000001,0.515,0.412,0.10300000000000004,0.381,0.324,0.056999999999999995,6.34,4.54,1.803
Robertson, David,502085,2017,264,140,0.148,0.173,-0.024999999999999994,0.257,0.286,-0.02899999999999997,0.212,0.237,-0.024999999999999994,1.84,2.37,-0.526
Oh, Seunghwan,493200,2017,264,192,0.285,0.245,0.03999999999999998,0.464,0.425,0.039000000000000035,0.324,0.297,0.027000000000000024,4.10,3.76,0.336
Clippard, Tyler,461325,2017,264,159,0.209,0.207,0.0020000000000000018,0.404,0.37,0.03400000000000003,0.305,0.297,0.008000000000000007,4.77,3.76,1.013
Salas, Fernando,477569,2017,263,185,0.293,0.256,0.03699999999999998,0.441,0.43,0.01100000000000001,0.326,0.32,0.006000000000000005,5.22,4.42,0.796
Gregerson, Luke,502381,2017,263,173,0.257,0.239,0.018000000000000016,0.477,0.425,0.05199999999999999,0.329,0.305,0.02400000000000002,4.57,3.98,0.594
Peralta, Wandy,593974,2017,263,181,0.227,0.211,0.016000000000000014,0.382,0.313,0.069,0.293,0.266,0.02699999999999997,3.76,2.99,0.768
Mariñez, Jhan,501697,2017,262,184,0.284,0.264,0.019999999999999962,0.458,0.429,0.029000000000000026,0.356,0.341,0.014999999999999958,3.70,5.10,-1.397
Vincent, Nick,543883,2017,262,199,0.257,0.242,0.015000000000000013,0.353,0.395,-0.04200000000000004,0.27,0.284,-0.013999999999999957,3.20,3.42,-0.219
Edwards Jr., Carl,605218,2017,262,125,0.134,0.169,-0.035,0.23,0.263,-0.033,0.238,0.266,-0.028000000000000025,2.98,2.99,-0.005
Betances, Dellin,476454,2017,261,106,0.141,0.127,0.013999999999999985,0.215,0.213,0.0020000000000000018,0.267,0.26,0.007000000000000006,2.87,2.85,0.016
Wilson, Alex,543935,2017,260,200,0.279,0.27,0.009000000000000008,0.438,0.455,-0.017000000000000015,0.32,0.329,-0.009000000000000008,4.50,4.70,-0.2
Dyson, Sam,473879,2017,260,193,0.296,0.251,0.044999999999999984,0.473,0.401,0.07199999999999995,0.362,0.319,0.04299999999999998,6.09,4.39,1.701
Delgado, Randall,517414,2017,259,185,0.251,0.245,0.006000000000000005,0.406,0.402,0.0040000000000000036,0.296,0.303,-0.007000000000000006,3.59,3.92,-0.33
Casilla, Santiago,433586,2017,259,174,0.259,0.242,0.017000000000000015,0.424,0.392,0.03199999999999997,0.324,0.311,0.013000000000000012,4.27,4.15,0.121
Ramirez, José,542432,2017,258,168,0.204,0.224,-0.020000000000000018,0.371,0.416,-0.044999999999999984,0.297,0.322,-0.025000000000000022,3.19,4.48,-1.286
Herrera, Kelvin,516969,2017,258,182,0.255,0.247,0.008000000000000007,0.472,0.441,0.030999999999999972,0.327,0.315,0.01200000000000001,4.25,4.27,-0.023
Ramos, AJ,573109,2017,258,150,0.223,0.21,0.013000000000000012,0.364,0.364,0,0.307,0.304,0.0030000000000000027,3.99,3.95,0.039
Hatcher, Chris,501822,2017,257,173,0.25,0.231,0.01899999999999999,0.427,0.388,0.03899999999999998,0.312,0.293,0.019000000000000017,4.22,3.65,0.573
Jansen, Kenley,445276,2017,257,139,0.177,0.17,0.0069999999999999785,0.27,0.265,0.0050000000000000044,0.207,0.203,0.003999999999999976,1.32,1.76,-0.443
Duensing, Brian,488846,2017,257,176,0.246,0.223,0.022999999999999993,0.369,0.341,0.02799999999999997,0.292,0.274,0.01799999999999996,2.74,3.17,-0.427
Kahnle, Tommy,592454,2017,256,141,0.228,0.193,0.035,0.323,0.3,0.02300000000000002,0.263,0.243,0.020000000000000018,2.58,2.49,0.095
Stratton, Chris,608717,2017,256,176,0.266,0.264,0.0020000000000000018,0.392,0.397,-0.0050000000000000044,0.323,0.33,-0.007000000000000006,3.68,4.73,-1.048
Ramos, Edubray,591693,2017,256,153,0.253,0.25,0.0030000000000000027,0.364,0.381,-0.017000000000000015,0.304,0.314,-0.010000000000000009,4.21,4.24,-0.026
Johnson, Jim,462382,2017,256,169,0.26,0.256,0.0040000000000000036,0.405,0.406,-0.0010000000000000009,0.315,0.316,-0.0010000000000000009,5.56,4.30,1.259
Sims, Lucas,608371,2017,255,184,0.288,0.264,0.023999999999999966,0.505,0.437,0.068,0.366,0.335,0.030999999999999972,5.62,4.89,0.728
Freeman, Sam,518693,2017,254,165,0.216,0.226,-0.010000000000000009,0.284,0.301,-0.017000000000000015,0.267,0.28,-0.013000000000000012,2.55,3.32,-0.77
Parker, Blake,453284,2017,254,151,0.172,0.199,-0.027000000000000024,0.302,0.355,-0.05299999999999999,0.228,0.263,-0.035,2.54,2.92,-0.38
Kimbrel, Craig,518886,2017,254,110,0.14,0.163,-0.022999999999999993,0.243,0.319,-0.07600000000000001,0.199,0.236,-0.03699999999999998,1.44,2.35,-0.915
Despaigne, Odrisamer,628333,2017,254,196,0.256,0.275,-0.019000000000000017,0.354,0.425,-0.07100000000000001,0.303,0.337,-0.03400000000000003,4.01,4.96,-0.949
Green, Chad,643338,2017,253,131,0.147,0.187,-0.04000000000000001,0.242,0.323,-0.08100000000000002,0.203,0.25,-0.046999999999999986,1.83,2.63,-0.804
Pressly, Ryan,519151,2017,252,169,0.229,0.24,-0.010999999999999982,0.401,0.401,0,0.293,0.3,-0.007000000000000006,4.70,3.84,0.856
Barnette, Tony,501817,2017,252,171,0.288,0.252,0.035999999999999976,0.459,0.389,0.07,0.338,0.304,0.03400000000000003,5.49,3.95,1.544
Weaver, Luke,596133,2017,252,162,0.254,0.235,0.019000000000000017,0.392,0.373,0.019000000000000017,0.301,0.288,0.013000000000000012,3.88,3.52,0.358
Anderson, Brett,474463,2017,251,192,0.322,0.317,0.0050000000000000044,0.498,0.503,-0.0050000000000000044,0.37,0.375,-0.0050000000000000044,6.34,6.36,-0.017
Drake, Oliver,543118,2017,251,164,0.283,0.274,0.008999999999999952,0.453,0.416,0.03700000000000003,0.344,0.331,0.012999999999999956,4.66,4.76,-0.099
Strop, Pedro,467008,2017,250,156,0.206,0.192,0.013999999999999985,0.321,0.3,0.02100000000000002,0.275,0.267,0.008000000000000007,2.83,3.01,-0.176
Smith, Chris,434672,2017,250,196,0.268,0.305,-0.03699999999999998,0.554,0.601,-0.04699999999999993,0.366,0.403,-0.03700000000000003,6.79,7.59,-0.8
McAllister, Zach,502083,2017,249,161,0.235,0.252,-0.017000000000000015,0.367,0.409,-0.04199999999999998,0.293,0.316,-0.02300000000000002,2.61,4.30,-1.687
Martes, Francis,642564,2017,249,141,0.245,0.236,0.009000000000000008,0.404,0.386,0.018000000000000016,0.333,0.329,0.0040000000000000036,5.80,4.70,1.098
Osuna, Roberto,532077,2017,249,154,0.197,0.203,-0.006000000000000005,0.274,0.298,-0.023999999999999966,0.223,0.237,-0.013999999999999985,3.38,2.37,1.005
Bowman, Matt,621199,2017,247,178,0.239,0.231,0.00799999999999998,0.353,0.337,0.01599999999999996,0.285,0.279,0.00599999999999995,3.99,3.30,0.689
Wilson, Justin,458677,2017,247,132,0.19,0.184,0.006000000000000005,0.327,0.298,0.029000000000000026,0.281,0.271,0.010000000000000009,3.41,3.10,0.314
Belisle, Matt,279571,2017,247,169,0.218,0.223,-0.0050000000000000044,0.368,0.366,0.0020000000000000018,0.279,0.282,-0.002999999999999947,4.03,3.37,0.658
Robles, Hansel,570663,2017,247,153,0.226,0.239,-0.012999999999999984,0.418,0.441,-0.02300000000000002,0.322,0.34,-0.018000000000000016,4.92,5.06,-0.136
Giles, Ken,571704,2017,247,142,0.198,0.19,0.008000000000000007,0.297,0.288,0.009000000000000008,0.251,0.248,0.0030000000000000027,2.30,2.59,-0.292
Storen, Drew,519322,2017,246,165,0.271,0.255,0.016000000000000014,0.424,0.37,0.05399999999999999,0.337,0.317,0.020000000000000018,4.45,4.33,0.115
Middleton, Keynan,641871,2017,246,165,0.265,0.241,0.02400000000000002,0.473,0.448,0.024999999999999967,0.331,0.315,0.016000000000000014,3.86,4.27,-0.413
Romero, Enny,544836,2017,245,154,0.253,0.235,0.018000000000000016,0.406,0.411,-0.004999999999999949,0.316,0.313,0.0030000000000000027,3.56,4.21,-0.653
Miller, Andrew,453192,2017,244,123,0.144,0.172,-0.027999999999999997,0.205,0.249,-0.04400000000000001,0.207,0.236,-0.028999999999999998,1.44,2.35,-0.914
Hughes, Phil,461833,2017,244,192,0.316,0.292,0.02400000000000002,0.553,0.541,0.01200000000000001,0.378,0.363,0.015000000000000013,5.87,5.89,-0.02
Hughes, Jared,453172,2017,244,166,0.231,0.247,-0.015999999999999986,0.396,0.397,-0.0010000000000000009,0.308,0.318,-0.010000000000000009,3.02,4.36,-1.343
Moore, Andrew,621058,2017,243,203,0.261,0.301,-0.03999999999999998,0.5,0.526,-0.026000000000000023,0.325,0.361,-0.035999999999999976,5.34,5.81,-0.471
Ottavino, Adam,493603,2017,243,137,0.244,0.219,0.024999999999999994,0.411,0.371,0.03999999999999998,0.343,0.325,0.018000000000000016,5.06,4.57,0.493
Moylan, Peter,493247,2017,243,167,0.189,0.223,-0.034,0.288,0.325,-0.03700000000000003,0.256,0.285,-0.02899999999999997,3.49,3.45,0.039
Davis, Wade,451584,2017,242,132,0.186,0.205,-0.01899999999999999,0.31,0.348,-0.03799999999999998,0.269,0.291,-0.021999999999999964,2.30,3.60,-1.299
Otero, Dan,519096,2017,242,195,0.273,0.299,-0.025999999999999968,0.394,0.404,-0.010000000000000009,0.29,0.31,-0.020000000000000018,2.85,4.12,-1.27
McFarland, T.J.,519008,2017,241,193,0.3,0.265,0.034999999999999976,0.406,0.372,0.03400000000000003,0.319,0.296,0.02300000000000002,5.33,3.73,1.603
Pazos, James,572021,2017,240,146,0.248,0.213,0.035,0.388,0.308,0.08000000000000002,0.316,0.283,0.03300000000000003,3.86,3.39,0.467
O'Day, Darren,503285,2017,240,137,0.193,0.192,0.0010000000000000009,0.325,0.346,-0.020999999999999963,0.267,0.276,-0.009000000000000008,3.43,3.22,0.211
Bush, Matt,456713,2017,240,159,0.264,0.241,0.02300000000000002,0.417,0.386,0.030999999999999972,0.325,0.305,0.020000000000000018,3.78,3.98,-0.197
Tazawa, Junichi,547749,2017,238,176,0.261,0.253,0.008000000000000007,0.431,0.404,0.02699999999999997,0.324,0.315,0.009000000000000008,5.69,4.27,1.423
Kelly, Joe,523260,2017,238,158,0.202,0.242,-0.03999999999999998,0.279,0.357,-0.07799999999999996,0.259,0.305,-0.045999999999999985,2.79,3.98,-1.187
Whitley, Chase,595032,2017,238,176,0.222,0.263,-0.04100000000000001,0.347,0.395,-0.04800000000000004,0.271,0.313,-0.04199999999999998,4.08,4.21,-0.129
Phelps, David,475479,2017,238,149,0.246,0.246,0,0.362,0.386,-0.02400000000000002,0.301,0.312,-0.01100000000000001,3.40,4.18,-0.785
Ross, Tyson,475115,2017,238,158,0.275,0.274,0.0010000000000000009,0.451,0.46,-0.009000000000000008,0.375,0.381,-0.006000000000000005,7.71,6.61,1.104
Blackburn, Paul,621112,2017,238,199,0.262,0.284,-0.021999999999999964,0.371,0.399,-0.028000000000000025,0.3,0.321,-0.02100000000000002,3.22,4.45,-1.228
Rondón, Héctor,444468,2017,237,147,0.233,0.227,0.006000000000000005,0.423,0.413,0.010000000000000009,0.311,0.307,0.0040000000000000036,4.24,4.04,0.198
Butler, Eddie,572750,2017,237,177,0.244,0.289,-0.044999999999999984,0.376,0.476,-0.09999999999999998,0.312,0.366,-0.05399999999999999,3.95,6.00,-2.049
Rogers, Taylor,573124,2017,237,164,0.246,0.278,-0.03200000000000003,0.37,0.452,-0.08200000000000002,0.297,0.341,-0.04400000000000004,3.07,5.10,-2.028
Holland, Greg,518813,2017,235,138,0.193,0.191,0.0020000000000000018,0.338,0.336,0.0020000000000000018,0.274,0.274,0,3.61,3.17,0.44
Vizcaíno, Arodys,527055,2017,235,148,0.199,0.211,-0.011999999999999983,0.351,0.379,-0.028000000000000025,0.272,0.291,-0.01899999999999996,2.83,3.60,-0.774
Neshek, Pat,450212,2017,235,160,0.212,0.187,0.024999999999999994,0.305,0.302,0.0030000000000000027,0.23,0.219,0.01100000000000001,1.59,2.03,-0.442
Albers, Matt,458006,2017,233,149,0.166,0.19,-0.023999999999999994,0.28,0.283,-0.002999999999999947,0.232,0.248,-0.015999999999999986,1.62,2.59,-0.967
Flexen, Chris,623167,2017,233,160,0.321,0.271,0.04999999999999999,0.554,0.448,0.10600000000000004,0.416,0.369,0.046999999999999986,7.88,6.12,1.755
Soria, Joakim,465657,2017,232,147,0.233,0.216,0.017000000000000015,0.29,0.319,-0.029000000000000026,0.263,0.271,-0.008000000000000007,3.70,3.10,0.596
Grimm, Justin,518748,2017,232,145,0.233,0.257,-0.023999999999999994,0.436,0.472,-0.035999999999999976,0.328,0.354,-0.025999999999999968,5.53,5.55,-0.02
Rodney, Fernando,407845,2017,231,138,0.2,0.21,-0.009999999999999981,0.285,0.313,-0.028000000000000025,0.259,0.278,-0.019000000000000017,4.23,3.27,0.959
Yates, Kirby,489446,2017,231,122,0.211,0.183,0.027999999999999997,0.416,0.38,0.035999999999999976,0.295,0.272,0.022999999999999965,3.97,3.13,0.841
Cole, A.J.,595918,2017,230,155,0.262,0.26,0.0020000000000000018,0.441,0.434,0.007000000000000006,0.348,0.347,0.0010000000000000009,3.81,5.30,-1.492
Bergman, Christian,548357,2017,230,179,0.295,0.315,-0.020000000000000018,0.502,0.555,-0.05300000000000005,0.36,0.39,-0.030000000000000027,5.00,7.00,-2
Nicolino, Justin,592593,2017,229,182,0.324,0.33,-0.006000000000000005,0.52,0.513,0.007000000000000006,0.377,0.383,-0.006000000000000005,5.06,6.70,-1.637
McGee, Jake,459429,2017,229,154,0.224,0.223,0.0010000000000000009,0.343,0.358,-0.014999999999999958,0.272,0.277,-0.0050000000000000044,3.61,3.25,0.36
Morgan, Adam,605388,2017,229,148,0.242,0.241,0.0010000000000000009,0.436,0.392,0.043999999999999984,0.311,0.298,0.013000000000000012,4.12,3.79,0.326
Hunter, Tommy,488984,2017,228,149,0.202,0.192,0.010000000000000009,0.333,0.29,0.04300000000000004,0.256,0.237,0.019000000000000017,2.61,2.37,0.238
Infante, Gregory,500872,2017,227,155,0.226,0.239,-0.012999999999999984,0.347,0.365,-0.018000000000000016,0.275,0.296,-0.020999999999999963,3.13,3.73,-0.602
García, Jarlín,606424,2017,225,162,0.235,0.245,-0.010000000000000009,0.39,0.389,0.0010000000000000009,0.301,0.311,-0.010000000000000009,4.72,4.15,0.575
Jackson, Luke,592426,2017,224,168,0.278,0.286,-0.007999999999999952,0.409,0.472,-0.063,0.324,0.354,-0.02999999999999997,4.62,5.55,-0.932
Romo, Sergio,489265,2017,224,145,0.207,0.217,-0.010000000000000009,0.384,0.388,-0.0040000000000000036,0.281,0.29,-0.008999999999999952,3.56,3.57,-0.013
Warren, Adam,476589,2017,223,153,0.173,0.22,-0.047000000000000014,0.262,0.351,-0.08899999999999997,0.212,0.273,-0.061000000000000026,2.35,3.15,-0.795
Fields, Josh,451661,2017,223,147,0.194,0.208,-0.013999999999999985,0.379,0.382,-0.0030000000000000027,0.267,0.28,-0.013000000000000012,2.84,3.32,-0.478
Goody, Nick,580792,2017,221,126,0.198,0.208,-0.009999999999999981,0.35,0.368,-0.018000000000000016,0.274,0.286,-0.011999999999999955,2.80,3.47,-0.671
Milone, Tommy,543548,2017,221,169,0.317,0.302,0.015000000000000013,0.61,0.551,0.05899999999999994,0.4,0.374,0.026000000000000023,7.63,6.32,1.314
Chafin, Andrew,605177,2017,221,137,0.246,0.235,0.01100000000000001,0.374,0.373,0.0010000000000000009,0.301,0.301,0,3.51,3.87,-0.364
Dunn, Mike,445197,2017,220,135,0.228,0.216,0.01200000000000001,0.407,0.356,0.05099999999999999,0.316,0.297,0.019000000000000017,4.47,3.76,0.71
Lyons, Tyler,544928,2017,220,125,0.206,0.217,-0.01100000000000001,0.307,0.343,-0.03600000000000003,0.27,0.289,-0.01899999999999996,2.83,3.55,-0.717
Farmer, Buck,571656,2017,219,146,0.285,0.23,0.054999999999999966,0.482,0.379,0.10299999999999998,0.36,0.303,0.056999999999999995,6.75,3.92,2.83
Madson, Ryan,425492,2017,219,139,0.187,0.215,-0.027999999999999997,0.256,0.305,-0.04899999999999999,0.214,0.246,-0.032,1.83,2.55,-0.719
De La Rosa, Jorge,407822,2017,219,150,0.24,0.229,0.010999999999999982,0.396,0.366,0.030000000000000027,0.306,0.295,0.01100000000000001,4.21,3.71,0.498
Ellington, Brian,623395,2017,219,130,0.27,0.233,0.037000000000000005,0.466,0.394,0.07200000000000001,0.381,0.345,0.03600000000000003,7.25,5.23,2.024
Coulombe, Danny,543056,2017,219,154,0.24,0.259,-0.019000000000000017,0.385,0.4,-0.015000000000000013,0.311,0.328,-0.017000000000000015,3.48,4.67,-1.186
Feliz, Michael,593140,2017,218,126,0.276,0.24,0.03600000000000003,0.51,0.406,0.10399999999999998,0.356,0.312,0.043999999999999984,5.63,4.18,1.445
Blevins, Jerry,460283,2017,217,120,0.229,0.188,0.04100000000000001,0.324,0.265,0.059,0.29,0.254,0.035999999999999976,2.94,2.72,0.219
Farquhar, Danny,543144,2017,215,138,0.223,0.194,0.028999999999999998,0.309,0.304,0.0050000000000000044,0.284,0.279,0.004999999999999949,4.20,3.30,0.896
Grace, Matt,594840,2017,215,163,0.266,0.25,0.016000000000000014,0.367,0.393,-0.026000000000000023,0.301,0.311,-0.010000000000000009,4.32,4.15,0.17
Hernandez, David,456696,2017,214,152,0.239,0.229,0.009999999999999981,0.338,0.384,-0.045999999999999985,0.264,0.277,-0.013000000000000012,3.11,3.25,-0.141
Krol, Ian,571871,2017,214,145,0.266,0.251,0.015000000000000013,0.452,0.41,0.04200000000000004,0.346,0.328,0.01799999999999996,5.33,4.67,0.657
Smith, Joe,501925,2017,214,132,0.229,0.215,0.014000000000000012,0.333,0.321,0.01200000000000001,0.259,0.249,0.010000000000000009,3.33,2.61,0.723
Benoit, Joaquín,276542,2017,213,144,0.228,0.221,0.007000000000000006,0.407,0.401,0.00599999999999995,0.308,0.305,0.0030000000000000027,4.65,3.98,0.669
Gee, Dillon,518716,2017,212,152,0.283,0.253,0.02999999999999997,0.476,0.452,0.023999999999999966,0.349,0.331,0.01799999999999996,3.47,4.76,-1.294
Ziegler, Brad,446899,2017,211,163,0.306,0.274,0.03199999999999997,0.376,0.354,0.02200000000000002,0.326,0.304,0.02200000000000002,4.79,3.95,0.837
Hoyt, James,624586,2017,211,129,0.262,0.245,0.017000000000000015,0.431,0.395,0.035999999999999976,0.321,0.304,0.017000000000000015,4.38,3.95,0.428
Thompson, Jake,622097,2017,210,148,0.276,0.274,0.0020000000000000018,0.492,0.469,0.02300000000000002,0.366,0.367,-0.0010000000000000009,3.88,6.04,-2.155
Brebbia, John,605154,2017,209,142,0.193,0.233,-0.04000000000000001,0.385,0.405,-0.020000000000000018,0.268,0.296,-0.02799999999999997,2.44,3.73,-1.291
Chapman, Aroldis,547973,2017,209,117,0.2,0.179,0.02100000000000002,0.297,0.286,0.01100000000000001,0.259,0.247,0.01200000000000001,3.22,2.57,0.649
López, Reynaldo,625643,2017,207,162,0.258,0.258,0,0.432,0.434,-0.0020000000000000018,0.315,0.319,-0.0040000000000000036,4.72,4.39,0.33
Altavilla, Dan,656186,2017,203,130,0.242,0.232,0.009999999999999981,0.449,0.451,-0.0020000000000000018,0.322,0.324,-0.0020000000000000018,4.24,4.54,-0.297
Alvarez, Jose,501625,2017,203,146,0.263,0.258,0.0050000000000000044,0.426,0.441,-0.015000000000000013,0.304,0.309,-0.0050000000000000044,3.88,4.09,-0.206