last_name, first_name,player_id,year,attempts,avg_hit_angle,anglesweetspotpercent,max_hit_speed,avg_hit_speed,fbld,gb,max_distance,avg_distance,avg_hr_distance,ev95plus,ev95percent,barrels,brl_percent,brl_pa
Porcello, Rick,519144,2017,650,14.4,36.5,114.3,88.2,92.6,84.7,465,186,398,231,35.7,52,8,5.9
Richard, Clayton,453385,2017,640,1.8,29.1,116,87.4,93,84.3,438,132,404,212,33.3,28,4.4,3.3
Davies, Zach,605200,2017,629,7.4,34,111.1,86.2,91.7,82.5,427,151,400,195,31.1,25,4,3.1
Pérez, Martín,527048,2017,627,9.8,35.7,115.2,87.1,91.6,84.5,470,161,407,203,32.4,34,5.4,4.2
Santana, Ervin,429722,2017,627,16.1,29.8,110.9,86,91.5,82.1,444,181,399,189,30.1,37,5.9,4.3
Nova, Iván,467100,2017,611,9.2,34,112.4,89.4,93.6,86.1,453,175,400,217,36.8,40,6.5,5.1
Leake, Mike,502190,2017,606,6.1,30.9,114,87.6,93.7,83.5,441,151,412,215,36.4,31,5.1,4
Samardzija, Jeff,502188,2017,604,12.4,36.1,118.4,87.4,92,83.4,471,176,401,204,33.8,38,6.3,4.5
Dickey, R.A.,285079,2017,602,10.1,30.9,115.5,86.2,90.8,83.7,446,161,400,180,30.8,26,4.3,3.2
Hammel, Jason,434628,2017,602,16.2,35.5,114.5,88.2,91.6,85.6,450,196,408,203,33.9,43,7.1,5.3
Stroman, Marcus,573186,2017,602,0.6,24.3,118.3,88.7,93.3,86.8,496,121,409,231,38.6,30,5,3.6
Cole, Gerrit,543037,2017,594,11.1,34,111.7,86.3,91.6,83,451,167,403,203,34.4,45,7.6,5.3
Corbin, Patrick,571578,2017,584,7.8,30.1,113.7,87.9,92.5,85.5,440,153,403,207,35.6,39,6.7,4.7
Nolasco, Ricky,445060,2017,582,14.6,36.6,114,90,93.4,87.3,450,187,404,233,40,49,8.4,6.2
Teheran, Julio,527054,2017,582,13.9,30.6,111.5,87.2,91.8,83.6,433,182,397,177,30.5,37,6.4,4.6
Blach, Ty,621389,2017,575,9.9,32.7,111.7,86.9,91.4,83.9,456,161,402,189,33,21,3.7,3
Moore, Matt,519043,2017,568,15.7,36.4,110.9,89.6,93.5,86.9,457,190,404,229,40.3,51,9,6.5
Cobb, Alex,502171,2017,564,9.3,31.6,117.2,88.2,92.2,85.7,441,164,401,198,35.1,34,6,4.6
Martinez, Carlos,593372,2017,561,8.1,30.5,113.7,87,92,83.8,478,152,391,186,33.3,27,4.8,3.1
Gausman, Kevin,592332,2017,561,11.8,37.8,119.4,87.7,92,84.2,450,175,405,188,33.7,46,8.2,5.6
Vargas, Jason,450306,2017,559,14.9,33.8,111,87.1,92,83.2,445,185,407,182,32.7,31,5.5,4.1
Zimmermann, Jordan,519455,2017,559,17.2,37.4,112.4,89.3,92.8,86.1,445,200,400,197,35.4,43,7.7,6
Estrada, Marco,462136,2017,556,21.8,30.8,113.6,87,92.3,82.8,457,196,401,168,30.2,39,7,4.8
Verlander, Justin,434378,2017,554,16.4,37.4,113.6,87.6,92.6,82.9,459,195,397,197,35.6,40,7.2,4.7
González, Gio,461829,2017,553,11.7,29.5,117.3,86.1,91.6,82.2,476,164,411,154,27.9,27,4.9,3.3
Cashner, Andrew,488768,2017,545,10.6,32.1,117.7,87.1,91.4,84.6,437,158,401,176,32.3,21,3.9,3
Hellickson, Jeremy,476451,2017,544,17.8,35.3,112.5,87.8,92.1,83.8,433,199,392,187,34.7,35,6.4,5
Greinke, Zack,425844,2017,541,10.2,31.6,114.8,87.4,93.8,82.4,453,171,404,166,30.9,40,7.4,5
Roark, Tanner,543699,2017,540,10,34.8,113.9,86.9,90.8,84.1,433,163,401,179,33.1,29,5.4,3.7
Archer, Chris,502042,2017,538,12.7,34.8,116,89.6,92.8,87.1,446,183,393,215,40.2,32,5.9,3.8
Lynn, Lance,458681,2017,535,12.2,32.3,117.6,86.6,91.5,83.2,442,173,397,147,27.5,31,5.8,4
Straily, Dan,573185,2017,534,18.5,32.4,113.9,87.2,92.3,82.7,449,189,399,155,29.2,37,6.9,4.8
Ureña, José,570632,2017,533,13,34.3,111.8,86.4,91.1,82.5,445,176,398,164,30.9,46,8.6,6.4
deGrom, Jacob,594798,2017,527,10.8,32.1,113.6,86.3,90.8,83.4,449,163,399,152,28.8,31,5.9,3.7
Chacín, Jhoulys,468504,2017,526,9.8,29.1,112.8,86.3,91.2,83,438,159,399,149,28.4,30,5.7,3.9
Perdomo, Luis,606131,2017,525,1.1,26.5,112.8,88,93,85.6,461,132,423,190,36.4,26,5,3.6
Colon, Bartolo,112526,2017,523,13.1,33.8,114.7,88.8,93.4,85.1,439,178,400,195,37.4,38,7.3,5.9
González, Miguel,456068,2017,523,17.4,34.4,116,88.3,92.1,85,439,198,400,187,35.9,35,6.7,5.1
Lester, Jon,452657,2017,519,10.3,34.1,111.1,86.4,90.7,83.1,454,174,396,153,29.5,28,5.4,3.7
Lackey, John,407793,2017,517,14.3,34.8,114,88.2,92.2,84.7,469,184,401,186,36.2,35,6.8,4.8
Carrasco, Carlos,471911,2017,516,9.6,34.1,115.6,87.4,92.9,83.5,443,168,402,177,34.6,38,7.4,4.8
Fulmer, Michael,605242,2017,514,9.4,32.5,115.8,86.1,91.9,82.3,444,157,401,150,29.4,25,4.9,3.7
Quintana, José,500779,2017,512,11.8,36.3,113.8,87.5,92.6,83.6,444,181,396,182,35.5,30,5.9,3.8
Freeland, Kyle,607536,2017,510,4.7,29,114.8,86.1,93.1,82.1,449,150,406,170,33.6,22,4.3,3.2
Tanaka, Masahiro,547888,2017,509,8.8,34.6,110.3,88,93.8,84.1,453,171,405,184,36.2,44,8.6,5.9
Gibson, Kyle,502043,2017,506,6.7,33.6,115.4,88.5,92,86.3,457,158,401,192,37.9,35,6.9,5.1
Márquez, Germán,608566,2017,496,9.1,31.3,113.2,88.7,92.5,86,462,173,410,178,36,35,7.1,5
Severino, Luis,622663,2017,495,8,29.7,111.4,87.2,92.7,83.7,429,151,387,166,33.5,30,6.1,3.8
Pomeranz, Drew,519141,2017,493,13,32.7,114.4,87.9,92.2,85.8,449,167,404,174,35.7,33,6.7,4.5
Darvish, Yu,506433,2017,493,13.2,35.7,112.2,86.2,91,82.7,440,174,396,154,31.4,31,6.3,4
Sale, Chris,519242,2017,492,15,35.8,112.7,86.8,91.9,81.7,440,185,402,150,30.5,30,6.1,3.5
Miley, Wade,489119,2017,489,7.4,33.9,115.3,87.6,93.3,83.9,447,154,406,175,35.8,31,6.3,4.3
Bundy, Dylan,605164,2017,488,19.4,34,115.2,88.8,92.7,85,456,204,400,178,36.5,38,7.8,5.4
Bauer, Trevor,545333,2017,488,9.7,36.1,112,89.4,94,86.1,439,168,396,191,39.2,38,7.8,5.1
Manaea, Sean,640455,2017,486,12.6,32.1,116.2,89.4,93.1,87.7,434,167,397,200,41.2,28,5.8,4.1
Wacha, Michael,608379,2017,485,9.8,32.2,111.7,87.2,91.5,84,450,161,399,145,30.1,27,5.6,3.9
Foltynewicz, Mike,592314,2017,480,13.6,33.8,112.8,88.5,92.4,84.3,463,180,407,158,32.9,26,5.4,3.8
García, Jaime,448802,2017,479,4.8,31.7,115.6,87.2,93.9,83.4,444,145,400,176,36.8,26,5.4,3.9
Arrieta, Jake,453562,2017,479,10.6,31.3,112.3,87.4,91.2,84.2,429,170,403,159,33.3,27,5.6,3.8
Miranda, Aríel,664641,2017,473,20.6,32.8,114.6,87.9,92.5,84.4,460,207,398,161,34,45,9.5,6.6
Nelson, Jimmy,519076,2017,472,5.9,32,116.1,85.9,90.5,82.8,447,150,409,148,31.4,19,4,2.6
Kluber, Corey,446372,2017,471,10.5,33.8,111.6,85.3,89.7,82.2,461,164,414,137,29.2,25,5.3,3.2
Walker, Taijuan,592836,2017,467,9.6,30.2,116.7,88.7,92.6,86.2,449,166,411,161,34.5,24,5.1,3.5
Gray, Sonny,543243,2017,465,5.4,29.5,115.5,87.4,93.2,83.4,456,146,410,179,38.6,29,6.2,4.3
Williams, Trevor,592866,2017,463,10,33.7,114.5,86.3,91.9,82.4,444,162,393,136,29.4,24,5.2,3.7
Ramírez, JC,500724,2017,460,8,28,113,87.6,92.3,85.2,436,160,406,159,34.6,30,6.5,4.8
Kuhl, Chad,641771,2017,460,11.6,36.7,117.1,88.8,93,85.9,452,181,394,177,38.6,26,5.7,3.8
Kennedy, Ian,453178,2017,458,17.5,34.9,113.3,89.5,94,84.9,454,208,401,163,35.8,50,10.9,7.6
Nola, Aaron,605400,2017,458,9,33.4,115.3,85.7,91.1,81.7,445,162,396,142,31,23,5,3.3
Tomlin, Josh,458708,2017,458,13.7,39.3,113.8,88.5,92.9,84.7,437,184,398,166,36.6,32,7,5.5
Montgomery, Jordan,656756,2017,453,13.8,31.8,113.8,86.9,90.9,83.9,454,178,391,143,31.6,28,6.2,4.3
Cueto, Johnny,456501,2017,451,15.1,39.7,114.2,88.2,91.7,85.5,470,184,406,150,33.6,33,7.3,5.1
Fiers, Mike,571666,2017,449,12.9,33,112.7,86.5,91.6,82.3,452,178,406,147,32.8,36,8,5.4
Sabathia, CC,282332,2017,448,7.4,32.4,118.5,85,90.8,81.9,470,154,392,129,28.9,18,4,2.9
Jiménez, Ubaldo,434622,2017,446,12.4,35.7,113,89.3,94.1,86.9,443,176,399,176,39.5,35,7.8,5.4
Scherzer, Max,453286,2017,446,19.1,31.4,112,86.5,91.1,82.5,455,189,395,131,29.5,25,5.6,3.2
Kershaw, Clayton,477132,2017,446,10.3,30.5,114.1,85.3,91.8,80.4,443,167,408,117,27.1,28,6.3,4.1
Hamels, Cole,430935,2017,445,10.6,32.1,113,87.9,93.1,83.8,426,170,399,160,36,24,5.4,3.9
Strasburg, Stephen,544931,2017,443,10.8,28.2,113.5,87.3,92.3,83.8,461,167,405,138,32,27,6.1,3.9
Cain, Matt,430912,2017,441,12,34.9,112.4,88.5,92.3,85.7,436,173,400,161,36.6,27,6.1,4.8
Boyd, Matthew,571510,2017,439,15.7,34.4,115.5,86.6,91.9,83.6,493,185,408,132,30.3,26,5.9,4.3
Holland, Derek,502706,2017,438,14.2,37.9,114.1,88.5,93.9,82.7,483,195,407,173,39.5,36,8.2,5.8
Happ, J.A.,457918,2017,438,9,33.3,118.4,85.9,92,80.9,456,161,398,136,31.1,19,4.3,3
Duffy, Danny,518633,2017,434,16,32,114.6,87,90.9,84.7,430,184,403,135,31.1,24,5.5,3.9
Chatwood, Tyler,543022,2017,430,1.2,31.2,114.1,86.4,92.7,82.7,457,141,405,138,32.1,24,5.6,3.8
Gallardo, Yovani,451596,2017,422,12.6,34.1,113.3,88.3,93.4,85.6,450,168,395,148,35.1,30,7.1,5.2
Chavez, Jesse,445926,2017,420,12,38.3,114.1,88.9,93.9,83.4,460,189,402,171,40.8,37,8.8,6.3
Wood, Alex,622072,2017,419,7.4,30.8,112.5,85.6,92.4,81.7,443,151,401,117,28,21,5,3.4
Gsellman, Robert,607229,2017,417,6.9,33.8,117,86.3,91.9,82.4,457,158,402,135,32.5,21,5,3.8
Berríos, José,621244,2017,416,14.7,32.5,111.3,86,91.1,81.5,474,181,400,121,29.1,21,5,3.4
Odorizzi, Jake,543606,2017,413,19.6,35.1,110.5,87.9,92.5,83,465,206,399,147,35.7,34,8.2,5.6
Taillon, Jameson,592791,2017,412,9.2,33,111.8,86.3,91.9,82,429,158,386,128,31.2,17,4.1,2.9
Senzatela, Antonio,622608,2017,411,7.1,32.8,112.4,87.7,93,84.3,446,163,402,142,34.5,22,5.4,3.9
Keuchel, Dallas,572971,2017,409,-0.6,23.5,114.6,85.5,92.8,82.7,431,115,399,133,32.8,21,5.1,3.6
Hendricks, Kyle,543294,2017,405,8.6,32.6,119,85,91.6,80.4,440,155,398,118,29.3,18,4.4,3.2
Godley, Zack,643327,2017,404,4.9,28.7,113.5,88,93.3,85.1,461,150,412,156,38.7,26,6.4,4.1
Cotton, Jharel,605194,2017,402,17.4,31.6,115,86.7,92.1,83.8,450,187,406,124,30.9,24,6,4.3
Wainwright, Adam,425794,2017,400,8.5,34.8,113.2,86.7,90.5,83.8,430,157,387,134,33.8,17,4.3,3.1
Eickhoff, Jerad,595191,2017,400,15.4,33.8,115.1,89,92.9,85.5,446,183,410,138,34.6,25,6.3,4.3
Ramírez, Erasmo,541640,2017,397,12.4,33,118.7,88.5,93.7,83.5,456,177,408,141,35.8,30,7.6,5.6
Pelfrey, Mike,460059,2017,395,8.6,29.9,114.7,87.8,92.1,85.4,454,158,409,147,37.2,30,7.6,5.5
Morton, Charlie,450203,2017,390,7.1,32.6,112.8,85.4,91.3,81.3,427,151,381,116,29.8,18,4.6,2.9
Anderson, Chase,502624,2017,388,14.5,31.7,110.4,85.6,91.6,80.9,441,181,398,101,26,17,4.4,3
Bridwell, Parker,592170,2017,385,17.2,35.3,111.2,88.3,93.1,84.8,446,189,404,138,35.9,21,5.5,4.3
Pivetta, Nick,601713,2017,383,13.1,36.6,114.4,88.3,91.8,86,450,176,401,142,37.2,28,7.3,4.8
Martinez, Nick,607259,2017,381,14,35.4,113.2,87.1,92.5,82.2,438,183,395,115,30.4,31,8.1,6.5
Garza, Matt,490063,2017,379,14.6,33,115.3,86.7,90.6,83.9,437,174,389,120,31.7,18,4.7,3.6
Maeda, Kenta,628317,2017,378,15,34.9,111.7,86.2,90.9,82.9,423,174,389,107,28.4,18,4.8,3.2
Montgomery, Mike,543557,2017,377,3.8,30.5,114.1,86,90.7,83.2,423,147,389,107,28.5,12,3.2,2.2
Rodriguez, Eduardo,593958,2017,377,16.6,35.5,113.6,86.3,91.7,81.2,434,191,392,118,31.3,29,7.7,5
Biagini, Joe,607352,2017,376,5.8,29.3,116.2,86.2,92,83,420,144,390,117,31.2,20,5.3,3.9
Ryu, Hyun Jin,547943,2017,376,10.1,36.2,113.9,87.5,92.1,83.8,454,169,404,118,31.6,26,6.9,4.8
Ray, Robbie,592662,2017,371,14.4,31.5,112.7,89.9,92.9,89.2,448,176,399,152,41,23,6.2,3.5
Snell, Blake,605483,2017,368,13.3,30.4,113.1,86.4,90.8,84,468,166,399,110,30,16,4.3,2.9
Adleman, Tim,534947,2017,366,18.3,35,114.6,87.7,93.4,81.3,448,208,405,119,32.7,29,7.9,5.5
Montero, Rafael,606160,2017,364,10.4,30.8,110.7,84.6,89.8,81.5,448,156,399,92,25.3,15,4.1,2.7
Shields, James,448306,2017,357,15,35.6,112.9,87.7,92.5,82.9,428,190,396,133,37.6,31,8.7,6
Paxton, James,572020,2017,356,12.3,31.7,112.2,87.2,90.1,86.7,430,159,388,111,31.3,10,2.8,1.8
Sánchez, Aníbal,434671,2017,345,17.1,37.7,111.5,88.2,92.6,85,443,191,398,127,36.8,26,7.5,5.4
Conley, Adam,543045,2017,341,15.6,33.1,111.3,88.2,93.2,85,425,182,395,127,37.4,28,8.2,6
Graveman, Kendall,608665,2017,338,6.1,31.1,116.8,89.2,94.6,85.4,444,160,406,133,39.3,21,6.2,4.7
Feldman, Scott,444857,2017,338,11.4,37.6,113.3,85.8,89.7,82.3,467,173,400,94,27.9,27,8,5.7
Musgrove, Joe,605397,2017,331,9.9,36.3,112.1,86.7,91.5,82.5,457,169,393,108,32.7,20,6,4.3
McCullers Jr., Lance,621121,2017,329,1,30.4,114.9,87.4,92.5,85.2,437,134,404,107,32.8,15,4.6,2.9
Hill, Rich,448179,2017,328,17.6,31.4,109.5,86,90.9,82,436,183,400,95,29.1,23,7,4.2
Tillman, Chris,501957,2017,326,13,37.7,121.1,90.2,94.6,86.3,466,188,407,139,42.6,28,8.6,6.3
Norris, Daniel,596057,2017,326,14.2,35.6,114.9,89.3,93.8,85.6,451,191,412,124,38,25,7.7,5.4
Bumgarner, Madison,518516,2017,326,15.4,31.9,111.3,88.6,93.4,85,438,180,408,111,34.5,26,8,5.8
Peacock, Brad,502748,2017,325,12.9,31.1,112.6,85.7,91.6,81.1,446,170,402,92,28.3,17,5.2,3.1
Lugo, Seth,607625,2017,324,12.1,34.9,110,87.1,92.2,82.3,444,174,397,115,35.5,19,5.9,4.4
Wood, Travis,475243,2017,324,16,38,118.2,88.9,92,86.3,462,194,394,120,37.4,25,7.7,5.7
Gray, Jon,592351,2017,317,7.4,33.8,115.5,85.7,90.5,82.5,449,155,414,100,31.8,13,4.1,2.8
Hoffman, Jeff,656546,2017,314,11.3,31.8,114,87.7,92.2,83.9,463,177,423,112,35.7,24,7.6,5.5
Harvey, Matt,518774,2017,311,10.4,33.8,114.2,87.4,93.9,81.5,467,177,405,106,34.4,21,6.8,4.9
Gossett, Daniel,605254,2017,311,11.3,38.3,114,88.1,92.6,84.2,440,174,398,98,31.5,25,8,6
Mejía, Adalberto,606167,2017,309,13.6,38.2,113.5,87.9,91.3,84.9,462,183,410,101,32.9,20,6.5,4.5
Junis, Jakob,596001,2017,308,15.2,36,112.9,89.5,94.7,85.2,434,186,410,116,38.2,20,6.5,4.7
Bailey, Homer,456701,2017,303,8.7,38.9,111.6,87.5,91.5,84.7,434,164,392,114,37.6,14,4.6,3.3
Clevinger, Mike,605182,2017,301,13.9,37.2,113.2,87.2,92.5,82.7,448,182,407,104,34.6,20,6.6,4
Liriano, Francisco,434538,2017,297,11.4,33.3,112.4,87.8,90.9,85.7,435,171,402,102,34.5,18,6.1,4.1
Pineda, Michael,501381,2017,295,6.5,31.2,115,87.4,93.4,83.6,445,162,398,98,33.3,18,6.1,4.4
Lively, Ben,594902,2017,288,16.5,32.6,110.9,85.4,92.1,80.8,449,178,408,79,27.5,17,5.9,4.6
Lamet, Dinelson,659275,2017,286,14.4,33.2,114.2,87.8,93.7,81.4,453,197,404,98,36,22,7.7,4.5
Newcomb, Sean,656794,2017,285,10.3,35.1,116.7,88.9,92.5,85.9,435,161,397,99,35,15,5.3,3.3
McCarthy, Brandon,435221,2017,282,13.4,32.3,115.7,85.2,88.5,84.6,394,164,385,60,21.3,4,1.4,1
Pruitt, Austin,643493,2017,278,10,32.7,114.6,88.2,93,84.2,455,167,395,92,33.2,20,7.2,5.4
Leiter Jr., Mark,643410,2017,273,7.3,33,112.2,86.2,92.3,81.4,450,161,393,92,33.8,20,7.3,5.1
Romano, Sal,607219,2017,270,7.6,27,109.9,87.4,92.3,84.8,407,149,374,92,34.1,12,4.4,3.1
Fister, Doug,450729,2017,268,7.4,29.9,113.2,86.8,93.4,82.6,424,144,401,93,34.8,13,4.9,3.3
Andriese, Matt,542882,2017,266,12.8,32.3,114.1,89.6,95.1,85.9,451,174,398,102,38.6,18,6.8,4.8
Wheeler, Zack,554430,2017,262,8.7,36.6,113,87.6,92.7,83.1,462,166,408,94,35.9,22,8.4,5.7
Volquez, Edinson,450172,2017,260,9.9,31.2,112.7,87.5,93.6,82.6,442,169,418,83,32.4,14,5.4,3.5
Hernández, Félix,433587,2017,257,9.6,37.7,114.1,87.1,94,80.9,449,177,408,87,33.9,25,9.7,6.8
Arroyo, Bronson,276520,2017,256,19.8,37.9,110,88.6,92.1,85.3,462,210,400,75,29.8,26,10.2,8.1
Skaggs, Tyler,572140,2017,255,15.1,31.4,111.2,87.8,92.8,85.9,430,171,399,99,38.8,20,7.8,5.5
Anderson, Tyler,542881,2017,253,10.4,33.6,113.7,85.7,92.6,79.2,481,171,420,76,30.2,19,7.5,5.2
Suter, Brent,608718,2017,253,11.1,35.2,113,84.4,88.7,81.3,415,154,394,62,24.5,11,4.3,3.2
Claudio, Alex,592222,2017,250,0.7,25.2,109.8,85.6,90.6,84.3,439,119,395,73,29.3,4,1.6,1.2
Jackson, Edwin,429719,2017,250,17.5,34,116.3,87.3,92.8,82.6,448,188,404,81,32.4,23,9.2,6.8
Salazar, Danny,517593,2017,247,12.5,36.8,112.9,88.5,92.8,83.4,458,187,403,78,31.7,19,7.7,4.3
Worley, Vance,474699,2017,247,8.1,34.4,113.8,88.1,92.6,84.8,459,164,415,89,36,12,4.9,3.6
Rusin, Chris,543734,2017,247,3.1,27.1,112.8,85.7,89.9,83.7,455,132,417,68,27.5,10,4,2.9
Cahill, Trevor,502239,2017,246,3.9,29.7,113.8,86.4,92.9,82.5,433,144,392,71,29,16,6.5,4.2
Lyles, Jordan,543475,2017,243,7,35.8,111.9,87.3,93.2,82.7,451,167,397,90,37.3,16,6.6,4.9
Lorenzen, Michael,547179,2017,243,4.3,30,109.1,85.2,91,81.9,423,143,392,72,29.6,11,4.5,3
Griffin, A.J.,456167,2017,243,23.9,32.9,112.5,86.8,92.3,82.5,439,206,397,77,31.7,22,9.1,6.5
Stephenson, Robert,596112,2017,242,15.4,38,112.1,89.9,92.5,88.6,431,185,395,90,37.2,23,9.5,6
Bibens-Dirkx, Austin,502212,2017,238,14.3,35.7,114,87.1,92.5,81.9,459,182,418,82,34.5,21,8.8,7
McGowan, Dustin,430661,2017,237,7.3,30,112.1,88.1,93.7,83.9,450,164,413,91,38.4,17,7.2,5.1
Faria, Jake,607188,2017,237,18,34.2,110.6,87.7,93.5,83.9,412,182,383,86,36.3,15,6.3,4.2
Gaviglio, Sam,543208,2017,235,8.9,32.8,110.5,88.2,93.9,84.3,438,162,404,90,38.3,19,8.1,6.1
Petit, Yusmeiro,433589,2017,234,22.1,31.6,114.9,87,91.9,84.4,432,188,400,80,34.3,13,5.6,3.7
Ross, Joe,605452,2017,233,13.6,38.2,115,87.9,93.4,82.8,438,187,401,86,37.6,17,7.3,5.3
Covey, Dylan,592229,2017,233,8.6,31.3,115.5,89.6,94.5,86.2,466,176,398,93,39.9,19,8.2,6.1
Kintzler, Brandon,445213,2017,230,5,31.3,111.1,85.6,91.7,82.6,437,136,408,64,27.8,10,4.3,3.5
Koehler, Tom,543408,2017,230,12.8,34.8,110.8,89.1,92.2,86.4,450,183,398,82,36,15,6.5,4.5
Torres, Carlos,448614,2017,230,10.4,34.3,113.6,85.2,90.1,81.6,430,161,401,63,27.4,13,5.7,4
Hahn, Jesse,534910,2017,230,9.5,34.3,110.8,88.5,93.1,85.3,437,174,397,78,33.9,11,4.8,3.5
Matz, Steven,571927,2017,228,9,31.1,110.5,88.4,93.9,84.8,434,162,399,86,37.7,15,6.6,5
Eflin, Zach,621107,2017,228,12.2,30.3,111.5,88.4,93,85.4,437,181,399,81,35.7,19,8.3,6.8
Castillo, Luis,622491,2017,226,6.4,24.3,112.4,85.9,92.4,82.9,454,141,399,70,31,8,3.5,2.2
Stammen, Craig,489334,2017,225,6.9,30.7,111.5,86.6,92,82.4,412,158,393,66,29.9,12,5.3,3.6
Santiago, Héctor,502327,2017,224,22.5,33.5,114.2,90.5,93.7,89.4,437,207,396,87,39.4,26,11.6,8.4
Shoemaker, Matt,533167,2017,224,15.4,36.2,113.9,89.2,93.8,84,441,204,404,77,34.4,21,9.4,6.4
Duffey, Tyler,608648,2017,224,7.3,32.1,111.2,89.3,93.9,85.4,418,171,400,92,41.1,17,7.6,5.5
Bleier, Richard,542947,2017,222,-1.2,18,114.2,87.4,91.4,86.5,464,112,400,79,35.9,6,2.7,2.3
Treinen, Blake,595014,2017,221,2.8,28.5,113.6,86.8,92,85.2,427,134,403,78,35.3,8,3.6,2.5
Shaw, Bryan,543766,2017,217,3.4,30,110.3,85.2,91,82.1,422,131,393,62,28.7,5,2.3,1.6
Garrett, Amir,607237,2017,216,12.5,29.2,114.7,89.8,94.4,85.3,450,184,391,87,40.3,16,7.4,5
Reed, Addison,592665,2017,214,15.7,36,115.1,87.6,91.8,84.5,462,182,414,78,36.4,15,7,4.9
Wood, Blake,502028,2017,214,6,29.4,112.2,87,90,85.7,434,150,407,68,31.9,9,4.2,2.7
Beck, Chris,571476,2017,214,14.5,35,112.3,88.8,93.6,85.6,450,184,400,77,36.2,16,7.5,5.4
Price, David,456034,2017,213,13.1,33.8,110.9,86.3,90.4,82.8,469,176,406,68,32.1,14,6.6,4.4
Watson, Tony,453265,2017,213,9,32.4,109.6,84.3,89.8,80.2,423,155,379,48,22.6,6,2.8,2.1
Stripling, Ross,548389,2017,211,10.3,30.8,110.1,86.4,90.5,83.5,429,153,405,59,28.1,11,5.2,3.6
LeBlanc, Wade,453281,2017,211,11.2,33.2,112.6,86.4,90.8,83.4,440,175,414,67,31.8,13,6.2,4.6
Velasquez, Vince,592826,2017,210,13.3,35.7,115.1,89.4,94.2,85.8,442,183,399,86,41.1,16,7.6,5.1
Triggs, Andrew,592811,2017,210,8.5,29.5,112.8,88.6,92.4,86.3,453,168,404,71,33.8,12,5.7,4.2
García, Luis,472610,2017,209,3.7,27.8,110.1,86.6,93.7,83.7,399,137,391,69,33,8,3.8,2.7
Jeffress, Jeremy,502026,2017,208,3,28.8,109.8,84.3,92,80.3,436,141,386,53,25.9,11,5.3,3.7
Castro, Miguel,612434,2017,206,8.3,27.7,112.4,85.7,91.1,82.2,445,152,410,60,29.1,8,3.9,2.9
Glasnow, Tyler,607192,2017,203,13.6,33,111.6,87.8,91.9,84.4,465,185,409,73,36,15,7.4,4.9
Moore, Andrew,621058,2017,203,22.3,34,113.7,90.5,93.4,89.4,432,205,391,84,41.6,14,6.9,5.8
Neris, Hector,593576,2017,202,17.1,34.2,108.5,87.6,91.7,83.1,435,192,410,67,33.3,15,7.4,4.7
Bell, Chad,518445,2017,202,8.9,35.6,116.2,88.3,92.4,85.6,425,174,400,83,41.1,17,8.4,5.8
Torres, José,600526,2017,201,16.5,30.8,111.5,89.6,93.6,86.5,433,198,397,79,40.1,14,7,4.9
Wilson, Alex,543935,2017,200,13.9,35,111.6,87.8,93.6,84.1,435,173,402,77,38.7,16,8,6.2
Guerra, Junior,448855,2017,200,19.4,35,111.3,88,92.5,84.3,425,203,395,71,35.5,20,10,6.4
Saupold, Warwick,599683,2017,199,13.3,35.2,113.2,87.6,91.5,84.7,436,175,395,62,31.2,13,6.5,4.6
Vincent, Nick,543883,2017,199,20.9,40.2,110.7,85.7,90.9,79.7,430,195,417,53,26.6,9,4.5,3.4
Tepera, Ryan,572193,2017,199,14.8,31.7,113,85.3,91.1,81.1,411,172,397,61,30.8,12,6,3.8
Holmberg, David,571787,2017,199,12,35.2,114.2,86.8,92.8,81.6,436,182,402,72,36.2,18,9,6.6
Blackburn, Paul,621112,2017,199,4.5,26.6,112.1,87.1,92.4,84.3,450,133,399,71,35.9,5,2.5,2.1
Colomé, Alex,517008,2017,197,9.4,24.9,109.8,87.9,93.1,85.1,433,157,416,69,35,9,4.6,3.2
Givens, Mychal,571710,2017,197,13.8,33,111.9,86.7,92.1,83.6,430,172,392,63,32.3,13,6.6,4.1
Alexander, Scott,518397,2017,196,-4.4,24,113,86.6,95.4,83.7,465,106,441,69,35.2,6,3.1,2.1
Nicasio, Juan,504379,2017,196,11.2,32.1,113.9,87.4,92.1,84.5,407,167,394,65,33.9,9,4.6,3.1
Minor, Mike,501985,2017,196,15.9,28.1,114.6,85.7,91.4,82.8,444,171,416,59,30.3,5,2.6,1.6
Despaigne, Odrisamer,628333,2017,196,11.4,37.8,112.3,84.5,89.8,80.1,412,180,405,55,28.1,9,4.6,3.5
Smith, Chris,434672,2017,196,15.5,35.7,113.2,88.6,93.5,83.9,447,198,410,71,36.2,23,11.7,9.2
Cecil, Brett,446399,2017,195,13.3,32.8,112.1,87.2,91.7,82.6,408,173,388,56,28.9,6,3.1,2.2
Otero, Dan,519096,2017,195,-0.3,30.8,109.8,86.2,92.7,83.9,417,114,392,70,35.9,6,3.1,2.5
McFarland, T.J.,519008,2017,193,-3.6,25.4,114.7,86.9,93.6,83.8,429,116,406,60,31.1,4,2.1,1.7
Dyson, Sam,473879,2017,193,0.7,25.9,112.8,86.8,96,83.1,430,128,394,58,30.1,8,4.1,3.1
Oh, Seunghwan,493200,2017,192,20.2,34.9,109.9,85.8,89.8,81.3,451,200,397,54,28.1,14,7.3,5.3
Hughes, Phil,461833,2017,192,19.2,41.1,111.3,90.8,93.6,87.5,422,220,393,71,37,19,9.9,7.8
Anderson, Brett,474463,2017,192,5.1,39.6,112.7,89.5,95.5,84.8,433,165,396,85,44.3,10,5.2,4
Wojciechowski, Asher,592879,2017,190,24.1,32.1,112.3,88.3,93.4,83.8,435,202,400,62,32.8,15,7.9,5.4
Bradley, Archie,605151,2017,189,7.5,31.2,109.3,88.3,92.7,86.6,425,156,399,69,36.5,9,4.8,3.1
Barnes, Jacob,606930,2017,188,6,30.3,113.9,86.2,92,82.1,444,144,388,57,30.3,8,4.3,2.6
Devenski, Chris,606965,2017,188,17.3,28.7,111.3,86.3,90.9,83.7,456,178,400,49,26.1,12,6.4,3.8
Maurer, Brandon,543506,2017,188,13.4,37.2,110.7,87.4,94,82.5,448,190,410,59,31.6,15,8,5.6
Asher, Alec,594742,2017,188,15.9,37.8,114.4,86.9,91.8,82.6,442,185,410,52,27.7,12,6.4,4.5
Vázquez, Felipe,553878,2017,188,7.2,24.5,109.6,84.6,91.2,80.9,425,139,415,50,27.2,7,3.7,2.3
Swarzak, Anthony,461872,2017,188,15.4,24.5,112.5,87.4,90.4,85.6,449,166,412,56,29.9,8,4.3,2.6
Kontos, George,502004,2017,188,10.6,30.9,108.4,85.6,92.4,81.8,414,162,387,54,29,6,3.2,2.2
Rodón, Carlos,607074,2017,187,12,33.7,112.2,89.4,93.1,86.5,477,169,401,78,41.7,14,7.5,4.7
Lawrence, Casey,596271,2017,186,8.7,33.9,111.4,86.8,92.3,82.6,435,166,388,62,33.5,10,5.4,3.8
Iglesias, Raisel,628452,2017,186,12.3,34.4,114,86.1,89.9,82.4,465,163,409,50,26.9,7,3.8,2.3
Báez, Pedro,520980,2017,185,17.6,38.9,114.6,86.8,92,82.1,419,197,393,55,29.7,12,6.5,4.3
Delgado, Randall,517414,2017,185,11.5,29.7,111.9,87.5,93.6,83.2,403,162,395,65,35.5,13,7,5
Salas, Fernando,477569,2017,185,11.7,27,111.9,89,92.7,86.2,442,163,404,61,33.3,14,7.6,5.3
Peralta, Wily,503449,2017,184,11.5,33.7,110.9,87.5,92.3,83.5,433,170,413,57,31,16,8.7,5.9
Sims, Lucas,608371,2017,184,15.2,34.8,114.1,86.7,90.7,83.5,416,171,389,55,29.9,9,4.9,3.5
Mariñez, Jhan,501697,2017,184,7.8,31.5,110.8,88.8,93.2,85.5,482,166,414,68,37,8,4.3,3.1
Oberg, Scott,623184,2017,184,5.4,26.6,110.3,88.1,91.9,86.6,423,140,398,66,35.9,4,2.2,1.5
McHugh, Collin,543521,2017,183,17.7,41.5,113,88.1,91.3,84.7,442,197,400,63,34.4,10,5.5,3.7
Jennings, Dan,543359,2017,183,2.8,26.2,112.3,85.1,92.1,81.8,460,127,407,57,31.1,10,5.5,3.8
Hembree, Heath,592390,2017,182,13.9,34.6,111.9,88.1,93,84.5,442,183,393,64,36,16,8.8,5.9
Nicolino, Justin,592593,2017,182,6.7,37.9,114.5,88.4,93.7,83.5,445,165,405,62,34.1,9,4.9,3.9
Sewald, Paul,623149,2017,182,17.4,35.2,109.8,88.4,91.7,85.6,433,203,396,61,33.5,13,7.1,4.7
Herrera, Kelvin,516969,2017,182,8.9,31.9,110.4,88,92.7,83.6,438,175,402,70,38.7,15,8.2,5.8
Peralta, Wandy,593974,2017,181,7.5,25.4,108.7,86,91.2,82.7,411,148,383,57,31.5,4,2.2,1.5
Hand, Brad,543272,2017,180,11.5,29.4,112.1,86.1,90.2,83.6,451,160,402,48,26.7,9,5,2.9
Brach, Brad,542960,2017,179,12.1,34.6,109.8,86.6,94.1,80,434,178,403,60,33.5,13,7.3,4.7
Bergman, Christian,548357,2017,179,15.1,36.9,110.6,89.6,93.9,84.8,450,193,405,65,36.5,15,8.4,6.5
Gearrin, Cory,518715,2017,179,9.5,28.5,110.8,86.8,91,84.4,413,156,358,61,34.1,4,2.2,1.4
Strickland, Hunter,519326,2017,179,18.4,33.5,112.9,87.3,91,84.6,413,180,396,53,29.8,14,7.8,5.2
Bowman, Matt,621199,2017,178,7.2,26.4,111.1,85.2,89.3,82.5,458,144,412,51,28.8,7,3.9,2.8
Barnes, Danny,592130,2017,178,22.1,30.9,111.2,88.3,92.3,86.9,438,199,394,56,31.5,10,5.6,3.8
Butler, Eddie,572750,2017,177,10.6,35.6,112.5,87,94.2,81.7,447,171,423,58,32.8,11,6.2,4.6
Stratton, Chris,608717,2017,176,10.9,41.5,108.8,86.3,89.9,82.9,441,168,410,53,30.1,8,4.5,3.1
Duensing, Brian,488846,2017,176,10.1,29.5,109.4,85.7,91.4,82.8,439,165,400,50,28.4,8,4.5,3.1
Tazawa, Junichi,547749,2017,176,15.5,36.4,108.9,88.1,92.6,83,432,187,394,60,34.1,7,4,2.9
Whitley, Chase,595032,2017,176,20.1,38.1,109.5,86.8,90.8,83.2,416,187,391,51,29,10,5.7,4.2
Barnes, Matt,598264,2017,175,8.7,30.3,108.7,86.3,89.7,84.6,429,151,386,51,29.1,8,4.6,2.8
Leone, Dominic,608678,2017,175,15,34.3,110.9,86.4,91.4,81.5,428,182,402,57,32.6,13,7.4,4.7
Casilla, Santiago,433586,2017,174,14,31,113.4,89,92.5,86.5,416,181,382,62,35.6,10,5.7,3.9
Gregerson, Luke,502381,2017,173,7.8,32.9,113.1,86.6,93,81.2,437,167,391,63,36.6,15,8.7,5.7
Hatcher, Chris,501822,2017,173,18.5,38.7,113.6,88.3,92.7,83.7,422,207,389,60,34.9,8,4.6,3.1
Buchter, Ryan,488748,2017,173,23,27.2,111.3,84.7,89.9,80.4,425,190,393,51,29.5,6,3.5,2.2
Greene, Shane,572888,2017,172,11.1,30.2,109.3,87.7,91.6,85.6,431,171,405,65,37.8,10,5.8,3.5
Hendriks, Liam,521230,2017,172,12,34.9,113.6,88.9,93.5,85,433,195,402,66,38.4,12,7,4.4
Meyer, Alex,543542,2017,171,10.1,34.5,113.6,86.9,93.1,81.9,417,172,392,51,30,10,5.8,3.4
Barnette, Tony,501817,2017,171,13.3,36.3,110.9,86.8,92,81.9,416,179,390,59,34.5,6,3.5,2.4
Barraclough, Kyle,607457,2017,170,11,30.6,110.9,85.6,89.3,82.6,410,164,390,43,25.4,5,2.9,1.7
Milone, Tommy,543548,2017,169,16,35.5,108.8,87.1,92.3,82.6,427,181,396,60,35.5,16,9.5,7.2
Belisle, Matt,279571,2017,169,14.3,32.5,112.6,84.8,89.5,80.9,435,172,397,46,27.2,9,5.3,3.6
Johnson, Jim,462382,2017,169,6.5,32.5,109.6,87.7,90.8,85.8,425,158,408,53,31.5,9,5.3,3.5
Pressly, Ryan,519151,2017,169,8.4,30.8,112.6,88.5,93.2,84.9,473,165,396,63,37.3,11,6.5,4.4
Ramirez, José,542432,2017,168,11.8,29.8,109.1,87,92.7,82,436,180,398,54,32.3,12,7.1,4.7
Jackson, Luke,592426,2017,168,10.7,33.3,113,89.2,94.7,85.6,441,179,412,66,41.5,11,6.5,4.9
Allen, Cody,592102,2017,167,19.5,36.5,113,86.3,92.1,79.2,444,203,400,49,29.5,12,7.2,4.3
Moylan, Peter,493247,2017,167,2.5,26.9,109.3,84.3,91.8,81.1,414,135,386,41,24.6,6,3.6,2.5
Hudson, Daniel,543339,2017,167,13.2,30.5,108.9,85.1,89.5,83,414,166,389,46,27.9,8,4.8,3
Loup, Aaron,571901,2017,166,5.8,31.3,116.2,84.6,87.6,82.8,419,142,386,45,27.1,5,3,1.9
Hughes, Jared,453172,2017,166,0.6,28.9,111.6,86.5,94.6,82.9,418,128,410,61,36.7,11,6.6,4.5
Freeman, Sam,518693,2017,165,6.9,26.1,112.7,85,89.2,83,424,134,394,46,27.9,3,1.8,1.2
Storen, Drew,519322,2017,165,9.1,25.5,109.3,85.6,89.3,82.6,414,156,389,49,29.7,6,3.6,2.4
Middleton, Keynan,641871,2017,165,15.7,43.6,115.8,88.1,92.8,82.9,447,200,413,61,37,15,9.1,6.1
Rogers, Taylor,573124,2017,164,9.1,36.6,112.6,87.8,92.1,85.1,459,165,415,58,35.4,11,6.7,4.6
Smoker, Josh,519294,2017,164,12.1,34.1,113.1,86.9,92.9,82.7,447,174,406,50,30.5,11,6.7,4.1
Drake, Oliver,543118,2017,164,7.9,36.6,111.1,88.1,90.8,86.8,430,154,395,57,34.8,9,5.5,3.6
Grace, Matt,594840,2017,163,0.3,28.8,113.2,86.2,92.2,83.1,442,135,429,47,28.8,8,4.9,3.7
Norris, Bud,502032,2017,163,11.4,34.4,113.7,88.7,92.7,85.6,438,163,395,55,33.7,8,4.9,3
Ziegler, Brad,446899,2017,163,1.1,28.8,111,85.7,93.6,83,434,114,434,59,36.2,1,0.6,0.5
López, Reynaldo,625643,2017,162,21.3,35.8,109.9,87.1,91.2,84.3,426,191,397,44,27.3,8,4.9,3.9
García, Jarlín,606424,2017,162,16.3,34.6,111,85.5,89.3,83,431,168,401,52,32.1,6,3.7,2.7
Weaver, Luke,596133,2017,162,7.7,33.3,116.5,86.3,92.4,81.6,428,150,399,55,34.4,9,5.6,3.6
McAllister, Zach,502083,2017,161,17.7,37.3,110.5,89.8,91.3,89.2,422,192,391,69,43.1,12,7.5,4.8
Neshek, Pat,450212,2017,160,18.5,33.8,111.1,85.1,89.4,80.8,434,185,404,42,26.3,6,3.8,2.6
Flexen, Chris,623167,2017,160,11.1,35,113.7,86.3,91.4,81.5,457,180,404,50,31.3,10,6.3,4.3
Clippard, Tyler,461325,2017,159,20.2,34,110.3,86.3,91.5,78.7,424,204,385,54,34,9,5.7,3.4
Bush, Matt,456713,2017,159,16,34,109.8,85.5,90.6,82.4,434,178,401,43,27,10,6.3,4.2
Ross, Tyson,475115,2017,158,10.5,30.4,109.8,86.1,90.9,82.8,461,163,395,47,29.7,12,7.6,5
Bettis, Chad,518452,2017,158,8.3,32.3,108.3,85.4,89.3,82.2,420,163,407,43,27.2,7,4.4,3.5
Kelly, Joe,523260,2017,158,6.5,32.3,113,89.1,92.6,87.2,435,155,421,58,36.7,7,4.4,2.9
Strop, Pedro,467008,2017,156,6.7,25,110,85.9,90.8,83.5,391,144,370,42,27.1,5,3.2,2
McCarthy, Kevin,641838,2017,156,6.6,32.1,111.1,85.2,91.1,81.8,432,149,411,45,28.8,7,4.5,3.6
Infante, Gregory,500872,2017,155,17.1,37.4,110.5,87.6,92.1,83.2,399,187,355,47,30.5,7,4.5,3.1
Cole, A.J.,595918,2017,155,14.2,32.9,113.8,87.8,92.4,84,438,183,402,53,34.2,8,5.2,3.5
Díaz, Edwin,621242,2017,154,18.2,27.3,112.5,87.3,92.6,83.4,412,177,385,53,34.4,7,4.5,2.5
McGee, Jake,459429,2017,154,15.1,27.3,110.5,87.6,91.3,85.2,440,181,405,53,34.6,8,5.2,3.5
Romero, Enny,544836,2017,154,15.9,34.4,109.9,88.4,93.4,84.7,441,186,406,52,34.7,12,7.8,4.9
Coulombe, Danny,543056,2017,154,6.1,28.6,111.5,89.2,93.5,87.6,423,142,408,53,34.4,8,5.2,3.7
Osuna, Roberto,532077,2017,154,11.7,31.8,110.2,86.3,91.5,82.6,412,150,397,51,33.3,5,3.2,2
Robles, Hansel,570663,2017,153,17.5,35.3,109.5,88.1,92.1,84.8,433,201,405,52,34.2,13,8.5,5.3
Warren, Adam,476589,2017,153,13.6,34.6,111.6,85.9,90.5,81.1,433,172,375,38,24.8,5,3.3,2.2
Ramos, Edubray,591693,2017,153,13.3,35.3,114.2,88.9,92.7,86.1,438,176,397,53,35.3,8,5.2,3.1
Hernandez, David,456696,2017,152,13.5,29.6,113.2,88.8,92.8,86.3,478,177,415,57,37.5,7,4.6,3.3
Gee, Dillon,518716,2017,152,13.6,30.9,110.8,87.1,90.6,85,455,175,410,50,32.9,12,7.9,5.7
Weaver, Jered,450308,2017,152,12.9,35.5,110.9,87.4,94,80.9,458,184,401,45,30,18,11.8,9.4
Parker, Blake,453284,2017,151,9.9,33.1,111.9,87.4,92.1,84.3,441,166,400,51,33.8,10,6.6,3.9
De La Rosa, Jorge,407822,2017,150,12.2,23.3,112.2,86.1,89.7,83.9,428,169,399,44,29.5,6,4,2.7
Ramos, AJ,573109,2017,150,14,32.7,109.3,85.8,91.7,79.6,414,180,394,39,26.2,9,6,3.5
Albers, Matt,458006,2017,149,7.9,28.2,110.7,83.4,89.2,79.9,412,147,384,32,21.9,5,3.4,2.1
Phelps, David,475479,2017,149,8,36.2,110.1,87.8,91.3,85.1,430,175,413,47,31.8,8,5.4,3.4
Hunter, Tommy,488984,2017,149,11.2,32.9,110.6,84.9,90.1,81.7,427,157,406,38,25.9,5,3.4,2.2
Morgan, Adam,605388,2017,148,11.9,35.1,109.3,86.8,90.8,85.2,448,167,398,42,28.6,11,7.4,4.8
Thompson, Jake,622097,2017,148,13,29.7,115.7,87.3,91.9,84.1,443,169,416,51,34.5,12,8.1,5.7
Vizcaíno, Arodys,527055,2017,148,15.3,33.1,112.5,88,92,84.8,458,192,394,48,32.9,9,6.1,3.8
Soria, Joakim,465657,2017,147,5.4,29.9,110.9,86.8,90.7,84.4,407,148,402,40,27.2,6,4.1,2.6
Fields, Josh,451661,2017,147,20.9,34.7,110.4,89.9,92.8,87.6,423,208,387,58,39.5,10,6.8,4.5
Rondón, Héctor,444468,2017,147,11.2,34,109,86,91.1,81.9,450,182,407,48,32.7,14,9.5,5.9
Pazos, James,572021,2017,146,6.2,32.2,113,87.2,91.1,84.8,426,149,394,50,34.5,6,4.1,2.5
Farmer, Buck,571656,2017,146,20,31.5,113.6,88.9,91.4,86.7,417,203,384,51,34.9,9,6.2,4.1
Alvarez, Jose,501625,2017,146,12.9,34.2,111.6,86.5,91.5,81.2,435,178,404,48,32.9,9,6.2,4.4
Romo, Sergio,489265,2017,145,16,36.6,112.2,85.7,92.9,77.9,456,189,397,38,26.8,10,6.9,4.5
Grimm, Justin,518748,2017,145,14.6,38.6,108.8,88.1,93.5,82.4,432,186,405,51,35.2,11,7.6,4.7
Krol, Ian,571871,2017,145,13.7,36.6,110.9,87.2,92.6,83.1,433,169,399,47,33.3,8,5.5,3.7
Benoit, Joaquín,276542,2017,144,19.6,32.6,112,86,90.6,82.6,452,193,408,41,28.5,10,6.9,4.7
Hart, Donnie,643354,2017,144,8.6,29.2,109.3,85.8,88.9,84.8,424,148,408,42,29.2,7,4.9,3.7
Blanton, Joe,430599,2017,142,18.7,35.2,110.3,86.9,90.6,82.7,424,197,395,46,32.4,5,3.5,2.6
Giles, Ken,571704,2017,142,13.8,31.7,111.7,86.9,91,85.3,426,171,401,48,34,6,4.2,2.4
Brebbia, John,605154,2017,142,22.6,44.4,109.8,87.9,90.5,84.5,430,227,396,47,33.6,11,7.7,5.3
Kahnle, Tommy,592454,2017,141,15.3,34,113.5,88.6,91.5,86.8,442,189,401,50,35.5,5,3.5,2
Martes, Francis,642564,2017,141,13,37.6,110.8,87.8,92.9,84,448,171,406,53,37.6,10,7.1,4
Knebel, Corey,608349,2017,141,15.5,29.8,113.1,86.4,91.1,84.9,429,173,402,46,32.6,8,5.7,2.6
Gonzales, Marco,594835,2017,141,12.1,35.5,112,88.3,92.3,86.7,420,165,394,58,41.1,9,6.4,4.9
Robertson, David,502085,2017,140,10.3,29.3,108.7,87.3,90.7,84.8,425,162,393,45,32.1,6,4.3,2.3
Jansen, Kenley,445276,2017,139,17.1,32.4,111.9,84.2,89.6,81.6,433,177,397,32,23.4,6,4.3,2.3
Madson, Ryan,425492,2017,139,3.2,28.1,109.1,84.9,91.5,81.4,397,130,359,40,28.8,5,3.6,2.3
Rodney, Fernando,407845,2017,138,7.5,24.6,108.6,86.7,92.5,82.9,426,153,380,38,28.1,4,2.9,1.7
Farquhar, Danny,543144,2017,138,17.5,26.8,108.1,87.1,90.9,84.6,425,174,419,34,24.6,4,2.9,1.9
Holland, Greg,518813,2017,138,13.9,33.3,109.2,88,92.4,83.9,449,183,411,50,36.2,6,4.3,2.6
Ottavino, Adam,493603,2017,137,12.7,32.8,112.8,85.4,90,80.9,439,184,406,44,32.1,9,6.6,3.7
O'Day, Darren,503285,2017,137,12.2,30.7,112.3,86.4,92.8,82.7,447,164,408,45,32.8,10,7.3,4.2
Chafin, Andrew,605177,2017,137,2.4,30.7,112.1,86.7,90.2,84.8,437,142,392,45,33.1,8,5.8,3.6
Feliz, Neftalí,491703,2017,135,18.5,34.8,110.2,87.7,92.5,83.5,436,196,404,47,34.8,10,7.4,5.1
Woodruff, Brandon,605540,2017,135,9.7,28.9,111.2,83.4,89.1,80.5,406,150,386,39,28.9,4,3,2.2
Dunn, Mike,445197,2017,135,17.9,34.1,114.4,86.6,90.8,82.8,443,206,404,38,28.1,8,5.9,3.6
Wilson, Justin,458677,2017,132,19.1,31.8,114.2,86.6,89.3,86.8,405,179,379,36,27.5,6,4.5,2.4
Smith, Joe,501925,2017,132,6.9,28.8,112.3,85.8,89.9,83,424,149,401,42,31.8,7,5.3,3.3
Davis, Wade,451584,2017,132,13.9,37.1,109.3,85.1,90.2,82.1,428,183,389,37,28.5,9,6.8,3.7
Mengden, Daniel,596043,2017,131,13.5,35.1,109.6,88.9,92.2,86.6,430,176,394,48,36.6,8,6.1,4.7
Turner, Jacob,545363,2017,131,10.8,40.5,110.9,89.4,94.9,86.4,433,184,409,59,45,11,8.4,6.5
Pagán, Emilio,641941,2017,131,25.4,29.8,112.9,89,91.7,85.2,420,211,383,40,30.5,7,5.3,3.6
Green, Chad,643338,2017,131,20.5,38.2,110.3,90,93.2,85.6,400,215,386,57,43.8,9,6.9,3.6
Díaz, Miguel,622766,2017,131,12.8,36.6,114.7,87.3,94.2,81,449,190,402,41,31.3,13,9.9,6.8
Altavilla, Dan,656186,2017,130,19.6,36.2,111.7,88,93.1,84,442,197,397,50,38.5,11,8.5,5.4
Abad, Fernando,472551,2017,130,12.3,31.5,119.8,87.1,90.5,84.9,415,163,393,33,25.4,6,4.6,3.3
Boyer, Blaine,430641,2017,130,16.6,34.6,110.6,87.7,90.4,86.3,420,187,412,41,31.5,8,6.2,4.5
Osich, Josh,592612,2017,130,8.5,34.6,109.3,87.7,92.1,84.3,421,168,391,47,36.4,11,8.5,5.5
Ellington, Brian,623395,2017,130,17.9,34.6,108.1,88.2,91.7,87.5,429,191,395,47,36.2,9,6.9,4.1
Giolito, Lucas,608337,2017,130,14,28.5,109.3,86.9,92.5,83.9,413,165,389,44,34.1,5,3.8,2.8
Hoyt, James,624586,2017,129,13.3,31.8,111.7,89.3,92.1,88,451,178,407,48,37.5,7,5.4,3.3
Albers, Andrew,452027,2017,128,15.7,42.2,109.4,87.9,92,84.7,407,197,379,38,29.7,7,5.5,4
Bolsinger, Mike,502211,2017,127,11.3,26,110.3,88.3,93.5,87.2,439,161,408,51,40.2,11,8.7,5.6
Wittgren, Nick,621295,2017,126,15.9,42.9,108.7,90,93.5,84.9,423,205,394,51,40.5,7,5.6,3.8
Goody, Nick,580792,2017,126,22.1,36.5,113.7,88.6,93.9,84.7,455,200,416,40,32,9,7.1,4.1
Feliz, Michael,593140,2017,126,15.1,47.6,112.3,88.1,91.9,85.2,425,203,386,52,41.3,10,7.9,4.6
Edwards Jr., Carl,605218,2017,125,12.5,29.6,110.1,82.7,88.3,77.3,416,165,400,32,25.8,5,4,1.9
Lyons, Tyler,544928,2017,125,14.5,38.4,113.7,86.1,92.8,81.8,437,173,418,31,24.8,7,5.6,3.2
Doolittle, Sean,448281,2017,125,24.3,24.8,108.9,82.5,87,79.3,461,180,398,24,19.2,6,4.8,3
Tuivailala, Sam,592815,2017,124,12.6,30.6,109.2,86.5,90.2,84.1,435,173,422,36,31.3,5,4,2.9
Miller, Andrew,453192,2017,123,11.3,39.8,108.6,82.5,86.4,77.5,396,173,363,26,21.3,4,3.3,1.6
Brault, Steven,643230,2017,123,14.3,29.3,110.6,86.4,90,84.6,440,168,413,40,32.8,5,4.1,3.1
Karns, Nate,501992,2017,122,10.7,30.3,116.3,88.4,95.3,83.1,462,194,424,46,38,13,10.7,6.9
Mitchell, Bryan,571951,2017,122,5.1,36.1,115.7,88.8,91.2,87.9,459,139,431,45,36.9,4,3.3,2.6
Yates, Kirby,489446,2017,122,21.8,37.7,109.6,87.2,92.4,80.2,434,218,405,44,36.1,14,11.5,6.1
Sanchez, Aaron,592717,2017,122,7.5,34.4,112,87.1,92.3,83.1,419,159,404,44,36.4,8,6.6,4.8
Bonilla, Lisalverto,570810,2017,120,10.8,35,113.6,86.6,93,80.1,439,174,391,39,32.5,8,6.7,4.7
Breslow, Craig,444520,2017,120,13,37.5,112.9,89.9,94.1,86.7,427,190,411,46,38.3,8,6.7,5
Bedrosian, Cam,592135,2017,120,13.9,30.8,113.1,90,92.4,88.8,410,174,390,48,40,7,5.8,3.7
Blevins, Jerry,460283,2017,120,15.9,25.8,109.8,82.8,87.3,77.7,403,166,389,22,18.5,4,3.3,1.8
Holder, Jonathan,656547,2017,120,15.3,35.8,109.8,87.5,91.4,86,422,179,402,39,32.5,8,6.7,4.7
Avilán, Luis,501593,2017,119,6.4,36.1,111.5,83.6,86.2,81.3,440,147,428,29,24.6,6,5,3.1
Maton, Phil,664208,2017,119,9.4,29.4,111.4,87.9,92.3,84.6,426,173,400,41,35.7,9,7.6,5
Harris, Will,501789,2017,118,11.1,26.3,112,85.7,89,84.9,421,159,387,36,30.8,7,5.9,4
Law, Derek,571882,2017,117,13.4,39.3,109.3,88.4,92.4,85.6,417,197,398,43,36.8,9,7.7,5.4
Grilli, Jason,276351,2017,117,18.7,45.3,112,86.8,91.6,81.4,444,214,396,38,32.5,10,8.5,5.4
Chapman, Aroldis,547973,2017,117,11.3,30.8,109,84.4,89.4,82.3,423,150,401,28,23.9,6,5.1,2.9
Cishek, Steve,518553,2017,116,3.7,28.4,113.6,84,91.2,79.8,396,137,388,24,20.7,4,3.4,2.3
Uehara, Koji,493157,2017,116,21.9,38.8,110.9,87.5,91.7,83,476,211,419,39,33.6,9,7.8,5.1
Motte, Jason,435400,2017,116,10.7,29.3,111.5,85.5,89.9,81.7,421,172,405,31,26.7,9,7.8,5.4
Hoover, J.J.,543331,2017,116,17.2,38.8,111.3,88.2,91.9,85.2,446,196,412,40,34.5,6,5.2,3
Wisler, Matt,605538,2017,116,15.7,41.4,115.6,88.7,94.3,81.2,427,215,388,47,40.9,12,10.3,7.8
Hildenberger, Trevor,657610,2017,116,5.9,28.4,109.4,86.1,92.2,83.3,430,136,391,30,25.9,4,3.4,2.4
Edgin, Josh,572831,2017,116,11.8,28.4,110.1,86.3,90.9,83.4,416,164,391,32,27.6,4,3.4,2.4
Shreve, Chasen,592741,2017,115,17.2,30.4,114.3,88,95.3,81.7,414,182,394,46,40,10,8.7,5.1
Hardy, Blaine,543278,2017,115,16.2,35.7,110.5,89.3,94.3,84.4,428,191,402,52,45.2,10,8.7,6.4
Britton, Zack,502154,2017,114,-5.9,20.2,110.6,87.2,93.5,85.2,412,90,412,45,39.5,2,1.8,1.2
Workman, Brandon,519443,2017,113,13.6,31.9,111.5,89.9,92.4,87.6,415,177,396,48,42.5,9,8,5.5
Dull, Ryan,623430,2017,113,15.1,31,111.8,86.7,91.6,83.1,435,178,401,37,33,9,8,5.1
Boshers, Buddy,542953,2017,113,10.7,32.7,112.8,87.3,92.7,83.8,431,173,410,38,33.6,9,8,5.9
Zych, Tony,543964,2017,112,9.1,32.1,110.3,84.3,89,81.3,427,141,406,33,29.5,3,2.7,1.7
Ynoa, Gabriel,593679,2017,112,16.3,33,112,89.7,94.9,84.5,424,189,410,47,42,12,10.7,8.2
Young, Chris,432934,2017,111,16.3,34.2,113.3,85.8,93.8,79.6,430,183,401,34,30.6,7,6.3,4.7
Locke, Jeff,502046,2017,111,10.8,34.2,111.9,88.9,91.6,87,416,180,396,36,32.4,8,7.2,5.3
Cingrani, Tony,571561,2017,111,16,29.7,113.7,88.3,91.7,86.4,428,179,382,32,28.8,7,6.3,4
Smith, Josh A.,595001,2017,111,11.2,35.1,114.1,87.9,92.9,84.2,410,161,400,39,35.1,8,7.2,5.3
VerHagen, Drew,572403,2017,111,9.5,32.4,112.2,88.6,93.9,86.5,437,154,400,43,38.7,10,9,6.9
Morrow, Brandon,453344,2017,110,13.1,24.5,106.8,87.4,93.5,85.2,376,156,,38,34.5,3,2.7,1.8
Cessa, Luis,570666,2017,110,10.3,40,109.4,87.1,93.3,81.7,442,186,402,37,33.6,10,9.1,6.3
Stumpf, Daniel,621385,2017,110,14.3,29.1,108.4,85.7,91.2,81.4,409,168,397,27,25.5,6,5.5,3.8
Kimbrel, Craig,518886,2017,110,18.3,31.8,112.1,92,95.5,88.6,443,201,405,50,45.5,13,11.8,5.1
Minaya, Juan,573668,2017,109,18.6,36.7,110.5,87.8,91.4,84.1,423,182,395,34,31.2,6,5.5,3.3
Sipp, Tony,448609,2017,109,11.3,27.5,112.6,85.6,90.8,82.1,433,176,397,36,33.3,10,9.2,6.1
Valdez, César,491624,2017,107,7.8,48.6,110.5,90.1,97.2,82.7,441,197,408,47,43.9,9,8.4,6.4
Betances, Dellin,476454,2017,106,10.3,26.4,108.5,84.5,90.9,81.2,431,155,404,26,24.5,5,4.7,1.9
Siegrist, Kevin,543779,2017,106,16.2,37.7,105,87.3,91.5,82.6,430,183,377,32,30.2,4,3.8,2.3
Rosenthal, Trevor,572096,2017,104,13.4,32.7,108.2,84.9,88.8,82.8,411,162,394,33,31.7,2,1.9,1
Pinto, Ricardo,620982,2017,103,10.4,36.9,114.3,86.4,91.6,81,433,171,398,29,28.4,8,7.8,5.5
Estévez, Carlos,608032,2017,103,11.3,38.8,111.5,88.5,92.9,85.7,404,151,371,39,37.9,5,4.9,3.4
Bradford, Chasen,607473,2017,103,6.5,27.2,108.7,86.6,90.2,84.2,401,143,370,31,30.1,6,5.8,4.2
Castro, Simon,501563,2017,102,18.5,35.3,110.4,91,93.4,90,456,191,404,42,41.2,8,7.8,5.2
Brice, Austin,592169,2017,101,9.2,32.7,110.5,87.3,92,83.7,413,155,399,36,36,6,5.9,4.4
Brady, Michael,572728,2017,101,20.3,32.7,112.9,88.9,92.7,85.7,427,200,400,30,29.7,7,6.9,5.1
