Season,Name,Team,Level,Age,IP,BABIP,GB/FB,LD%,GB%,FB%,IFFB%,HR/FB,Pull%,Cent%,Oppo%,SwStr%,Balls,Strikes,Pitches,PlayerId
2013,"Chris Dwyer","KCR","AAA",25,159.2,0.26150628,0.75518672,0.1242236,0.37681159,0.4989648,0.2033195,0.06224066,0.46341463,0.2703252,0.26626016,0.08834877,1021,1571,2592,"10045"
2013,"Brooks Raley","CHC","AAA",25,141.1,0.28603104,1.26829268,0.16964286,0.46428571,0.36607143,0.23170732,0.07926829,0.43939394,0.23376623,0.32683983,0.08911346,782,1395,2177,"10061"
2013,"Johnny Hellweg","MIL","AAA",24,125.2,0.27019499,2.23404255,0.14845938,0.58823529,0.26330532,0.26595745,0.06382979,0.44109589,0.20547945,0.35342466,0.07973734,925,1207,2132,"10065"
2010,"Jeremy Powell","PIT","AAA",34,134.1,0.28904429,1.19496855,0.18648019,0.44289044,0.37062937,0.19496855,0.09433962,0.48984199,0.248307,0.26185102,0.06954436,747,1338,2085,"1010490"
2018,"Ryan Weber","TBR","AAA",27,115.1,0.30422535,2.24705882,0.22689076,0.53501401,0.23809524,0.16470588,0.10588235,0.49450549,0.24725275,0.25824176,0.08515535,568,1170,1738,"10160"
2012,"Shelby Miller","STL","AAA",21,136.2,0.3220339,0.63451777,0.125,0.33967391,0.53532609,0.20304569,0.12182741,0.42440318,0.24137931,0.33421751,0.0997921,840,1565,2405,"10197"
2014,"Ariel Pena","MIL","AAA",25,128.1,0.26582278,0.77083333,0.20807453,0.3447205,0.44720497,0.28472222,0.08333333,0.3902439,0.26829268,0.34146341,0.14208145,904,1306,2210,"10240"
2013,"Andy Oliver","PIT","AAA",25,124.1,0.29245283,1.30275229,0.17973856,0.46405229,0.35620915,0.18348624,0.05504587,0.440625,0.25625,0.303125,0.11429795,984,1352,2336,"10257"
2011,"Andy Oliver","DET","AAA",23,147,0.33168317,0.98101266,0.23658537,0.37804878,0.38536585,0.16455696,0.09493671,0.39047619,0.27619048,0.33333333,0.09827255,1025,1580,2605,"10257"
2012,"Andy Oliver","DET","AAA",24,118,0.29447853,1.07751938,0.17027864,0.43034056,0.3993808,0.34108527,0.05426357,0.42215569,0.25149701,0.32634731,0.11070111,913,1255,2168,"10257"
2016,"Justin Marks","TBR","AAA",28,140,0.28682171,1.15753425,0.19847328,0.43002545,0.37150127,0.2739726,0.09589041,0.42892768,0.24438903,0.32668329,0.09745939,919,1482,2401,"10265"
2013,"Justin Marks","KCR","AAA",25,129.2,0.33850129,0.93220339,0.11627907,0.42635659,0.45736434,0.16384181,0.03954802,0.45431472,0.25634518,0.2893401,0.09552757,933,1370,2303,"10265"
2014,"Chris Heston","SFG","AAA",26,173,0.26407767,1.69078947,0.21042471,0.496139,0.29343629,0.18421053,0.10526316,0.47924528,0.2245283,0.29622642,0.08628231,907,1608,2515,"10302"
2019,"Erasmo Ramirez","BOS","AAA",29,125.1,0.28457447,1.44094488,0.20103093,0.47164948,0.32731959,0.22834646,0.14173228,0.47461929,0.2284264,0.29695431,0.09639777,737,1234,1971,"10314"
2015,"Robbie Erlin","SDP","AAA",24,125.1,0.32908163,1.42741935,0.23989899,0.4469697,0.31313131,0.18548387,0.17741935,0.41646489,0.28813559,0.29539952,0.09332024,705,1331,2036,"10354"
2010,"Brian Lawrence","FLA","AAA",34,142.2,0.32962138,1.22641509,0.22197802,0.42857143,0.34945055,0.14465409,0.11949686,0.49356223,0.22746781,0.27896996,0.09811828,776,1456,2232,"1045"
2019,"Scott Copeland","WSN","AAA",31,114.1,0.31736527,2.63513514,0.21802326,0.56686047,0.21511628,0.14864865,0.27027027,0.51274788,0.21246459,0.27478754,0.0997009,780,1226,2006,"10706"
2015,"Scott Copeland","TOR","AAA",27,125,0.27543424,2.94186047,0.16089109,0.62623762,0.21287129,0.25581395,0.09302326,0.50851582,0.18734793,0.30413625,0.07915994,714,1143,1857,"10706"
2017,"Scott Copeland","MIA","AAA",29,137.2,0.33253012,2.33,0.21647059,0.54823529,0.23529412,0.12,0.2,0.52183908,0.25747126,0.22068966,0.09421939,846,1351,2197,"10706"
2014,"Red Patterson","LAD","AAA",27,121.1,0.32963989,1.21830986,0.16223404,0.46010638,0.37765957,0.18309859,0.14788732,0.47506562,0.22572178,0.2992126,0.09927611,709,1225,1934,"10710"
2017,"Drew Hutchison","PIT","AAA",26,159.1,0.28421053,1.4025974,0.22268908,0.45378151,0.32352941,0.20779221,0.09090909,0.4396728,0.23108384,0.32924335,0.10206422,1001,1615,2616,"10732"
2013,"Asher Wojciechowski","HOU","AAA",24,134,0.26835443,0.72682927,0.17865429,0.34570766,0.47563805,0.22926829,0.04878049,0.4416476,0.2402746,0.3180778,0.08439201,783,1421,2204,"10836"
2015,"Asher Wojciechowski","HOU","AAA",26,115.1,0.31868132,0.92857143,0.26027397,0.35616438,0.38356164,0.26428571,0.09285714,0.44,0.24266667,0.31733333,0.08560924,691,1213,1904,"10836"
2018,"Christian Bergman","SEA","AAA",30,141.2,0.34375,1,0.21145374,0.39427313,0.39427313,0.16759777,0.08379888,0.4137931,0.2737069,0.3125,0.09227468,822,1508,2330,"10925"
2014,"Josh A. Smith","CIN","AAA",26,159,0.3223301,0.72511848,0.27634195,0.30417495,0.4194831,0.25118483,0.03791469,0.45019157,0.2394636,0.31034483,0.07488186,1035,1716,2751,"10946"
2016,"Jake Buchanan","CHC","AAA",26,141,0.32888889,2.63157895,0.18246445,0.59241706,0.22511848,0.17894737,0.06315789,0.52655889,0.21016166,0.26327945,0.09072978,727,1301,2028,"10962"
2018,"Jake Buchanan","ARI","AAA",28,156.2,0.33643123,1.94776119,0.26716141,0.48423006,0.24860853,0.17164179,0.06716418,0.43014706,0.24816176,0.32169118,0.07494824,899,1516,2415,"10962"
2015,"John Gast","STL","AAA",26,121.2,0.34474328,0.92168675,0.20448878,0.38154613,0.41396509,0.14457831,0.07228916,0.42583732,0.284689,0.28947368,0.09883721,740,1324,2064,"11133"
2014,"Eric Jokisch","CHC","AAA",24,158.1,0.31019523,1.21084337,0.19162996,0.44273128,0.36563877,0.19879518,0.07228916,0.40889831,0.27542373,0.31567797,0.10890671,805,1564,2369,"11157"
2018,"Eric Jokisch","OAK","AAA",28,148.2,0.32553191,2.02521008,0.22580645,0.51827957,0.25591398,0.14285714,0.10084034,0.45228216,0.29253112,0.25518672,0.08790755,883,1540,2423,"11157"
2017,"Eric Jokisch","ARI","AAA",27,134.2,0.2960373,1.66666667,0.20567376,0.4964539,0.29787234,0.17460317,0.0952381,0.46031746,0.24036281,0.29931973,0.09137529,776,1369,2145,"11157"
2016,"David Buchanan","PHI","AAA",27,167.1,0.27715356,1.47928994,0.21240602,0.46992481,0.31766917,0.20710059,0.0887574,0.38615665,0.24408015,0.36976321,0.0838843,874,1546,2420,"11176"
2014,"Casey Sadler","PIT","AAA",23,124.2,0.28974359,1.88888889,0.20204604,0.52173913,0.27621483,0.19444444,0.10185185,0.50623441,0.22693267,0.26683292,0.09687836,671,1187,1858,"11209"
2014,"Zach Neal","OAK","AAA",25,119.1,0.31688312,1.19285714,0.21282051,0.42820513,0.35897436,0.2,0.10714286,0.50626566,0.24561404,0.2481203,0.09668353,580,1199,1779,"11294"
2015,"Zach Neal","OAK","AAA",26,131.1,0.32045455,1.4751773,0.20861678,0.47165533,0.31972789,0.19858156,0.07092199,0.51447661,0.23385301,0.25167038,0.09875203,566,1277,1843,"11294"
2017,"Seth Frankoff","CHC","AAA",28,116.2,0.27906977,1.56435644,0.15359477,0.51633987,0.33006536,0.16831683,0.17821782,0.4984127,0.26666667,0.23492063,0.10933471,780,1159,1939,"11346"
2015,"Pat Dean","MIN","AAA",26,179,0.28169014,1.00892857,0.20774648,0.39788732,0.3943662,0.20089286,0.04464286,0.43598616,0.2733564,0.29065744,0.06481113,798,1717,2515,"11350"
2013,"Brandon Cumpton","PIT","AAA",24,122,0.29781421,2.75949367,0.17270195,0.60724234,0.22005571,0.11392405,0.07594937,0.49731183,0.2016129,0.30107527,0.07712082,735,1210,1945,"11366"
2011,"Josh Butler","MIL","AAA",26,141.2,0.3209607,1.47651007,0.20302376,0.47516199,0.32181425,0.14765101,0.16107383,0.46777547,0.24324324,0.28898129,0.06558029,1063,1453,2516,"1141"
2011,"Yunesky Maya","WSN","AAA",29,129.2,0.29974811,1.21710526,0.16584158,0.45792079,0.37623762,0.23026316,0.09210526,0.45365854,0.26341463,0.28292683,0.08291203,658,1320,1978,"11420"
2012,"Yunesky Maya","WSN","AAA",30,167,0.25842697,1.45405405,0.16544118,0.49448529,0.34007353,0.16216216,0.10810811,0.45306859,0.22021661,0.3267148,0.06438468,836,1618,2454,"11420"
2013,"Yunesky Maya","WSN","AAA",31,146.1,0.30947368,1.60544218,0.18162393,0.5042735,0.31410256,0.19727891,0.06802721,0.46280992,0.19008264,0.34710744,0.08235824,742,1480,2222,"11420"
2015,"Anthony Ranaudo","TEX","AAA",25,118,0.30640669,0.82692308,0.21052632,0.35734072,0.43213296,0.19871795,0.08974359,0.42204301,0.27688172,0.30107527,0.07969925,722,1273,1995,"11424"
2014,"Anthony Ranaudo","BOS","AAA",24,138,0.26410256,0.83243243,0.18115942,0.37198068,0.4468599,0.28648649,0.04864865,0.41943128,0.23933649,0.34123223,0.08017058,845,1500,2345,"11424"
2016,"A.J. Cole","WSN","AAA",24,124.2,0.30997305,1.1294964,0.21693122,0.41534392,0.36772487,0.20863309,0.11510791,0.49870801,0.24031008,0.26098191,0.10845771,692,1318,2010,"11467"
2014,"Zach Lee","LAD","AAA",22,150.2,0.32317073,1.54320988,0.16935484,0.50403226,0.3266129,0.14197531,0.11111111,0.40748031,0.26181102,0.33070866,0.08627126,920,1491,2411,"11468"
2014,"Dallas Beeler","CHC","AAA",25,124.1,0.27956989,2.16,0.15733333,0.576,0.26666667,0.17,0.08,0.44619423,0.22834646,0.32545932,0.08017103,698,1173,1871,"11471"
2017,"Williams Perez","CHC","AAA",26,120.1,0.32022472,1.72115385,0.20728291,0.50140056,0.29131653,0.17307692,0.07692308,0.44230769,0.20604396,0.35164835,0.06394491,797,1236,2033,"11592"
2016,"Deck McGuire","STL","AAA",27,134,0.29396325,0.87209302,0.18274112,0.38071066,0.43654822,0.19186047,0.12790698,0.49875931,0.24069479,0.26054591,0.09251511,788,1363,2151,"11596"
2014,"Mike Kickham","SFG","AAA",25,148.1,0.35511983,2.33333333,0.22902494,0.53968254,0.23129252,0.16666667,0.07843137,0.46566524,0.21459227,0.31974249,0.09831345,956,1475,2431,"11618"
2015,"Toru Murata","CLE","AAA",30,164.1,0.26452906,1.13684211,0.1960396,0.42772277,0.37623762,0.26842105,0.08421053,0.41165049,0.24854369,0.33980583,0.07801114,827,1506,2333,"11652"
2018,"Justin Nicolino","CIN","AAA",26,134.1,0.33258427,1.00564972,0.21460177,0.39380531,0.39159292,0.16949153,0.07344633,0.44782609,0.25652174,0.29565217,0.08190652,743,1418,2161,"11754"
2019,"Justin Nicolino","CHW","AAA",27,116,0.28169014,0.98639456,0.23759791,0.37859008,0.38381201,0.14285714,0.23129252,0.4507772,0.25906736,0.29015544,0.10979061,583,1184,1767,"11754"
2014,"Noah Syndergaard","NYM","AAA",21,133,0.37830688,1.47826087,0.24202128,0.45212766,0.30585106,0.2173913,0.09565217,0.38046272,0.24421594,0.37532134,0.10544512,800,1514,2314,"11762"
2013,"Andrew Werner","OAK","AAA",26,165,0.33641405,1.16981132,0.1681736,0.44846293,0.38336347,0.18396226,0.09433962,0.45293073,0.23801066,0.30905861,0.08673062,883,1619,2502,"11783"
2013,"James Paxton","SEA","AAA",24,145.2,0.33789954,1.65116279,0.20649652,0.49419954,0.29930394,0.14728682,0.07751938,0.42505593,0.24384787,0.3310962,0.09094535,950,1557,2507,"11828"
2019,"Enderson Franco","SFG","AAA",26,113,0.33625731,0.91780822,0.21568627,0.37535014,0.40896359,0.19863014,0.16438356,0.45776567,0.23160763,0.3106267,0.12317012,670,1311,1981,"11896"
2014,"Matt Andriese","TBR","AAA",24,162.1,0.29094828,1.63087248,0.16772824,0.51592357,0.3163482,0.14765101,0.12080537,0.44166667,0.22916667,0.32916667,0.10490626,881,1626,2507,"12022"
2013,"Brian Flynn","MIA","AAA",23,138,0.302267,1.84070796,0.17268041,0.53608247,0.29123711,0.16814159,0.0619469,0.46134663,0.24438903,0.29426434,0.10854617,736,1300,2036,"12027"
2014,"Brian Flynn","MIA","AAA",24,139.2,0.34513274,1.30128205,0.20399113,0.45011086,0.345898,0.17948718,0.08333333,0.40471092,0.26124197,0.33404711,0.10934042,867,1392,2259,"12027"
2014,"Cody Martin","ATL","AAA",24,156,0.3011236,0.97175141,0.22098214,0.38392857,0.39508929,0.21468927,0.0960452,0.41956522,0.26521739,0.31521739,0.08164823,1007,1614,2621,"12182"
2019,"Seth Maness","TEX","AAA",30,117,0.33746898,1.23972603,0.21014493,0.43719807,0.352657,0.23287671,0.13013699,0.4478673,0.25592417,0.29620853,0.07627594,557,1226,1783,"12235"
2017,"Aaron Brooks","CHC","AAA",27,138,0.34529148,1.6,0.20869565,0.48695652,0.30434783,0.15714286,0.19285714,0.46610169,0.2690678,0.26483051,0.0935412,752,1493,2245,"12272"
2014,"Aaron Brooks","KCR","AAA",24,139,0.3106576,1.06701031,0.09276018,0.46832579,0.43891403,0.1443299,0.07216495,0.45154185,0.21145374,0.33700441,0.10264901,701,1413,2114,"12272"
2019,"Colin Rea","CHC","AAA",28,148,0.29274005,1.36986301,0.21363636,0.45454545,0.33181818,0.23972603,0.11643836,0.46832579,0.19683258,0.33484163,0.08218623,933,1537,2470,"12317"
2014,"Nick Tropeano","HOU","AAA",23,124.2,0.24842767,0.92086331,0.17846154,0.39384615,0.42769231,0.16546763,0.07913669,0.41515152,0.23636364,0.34848485,0.13034518,687,1254,1941,"12385"
2011,"Adam Ottavino","STL","AAA",25,141,0.32941176,1.36,0.15107914,0.48920863,0.35971223,0.14666667,0.09333333,0.42105263,0.25400458,0.32494279,0.09302326,986,1422,2408,"1247"
2016,"Drew Rucinski","CHC","AAA",27,155,0.34063745,0.95327103,0.18039216,0.4,0.41960784,0.1728972,0.07476636,0.42774566,0.25626204,0.31599229,0.07841584,901,1624,2525,"12499"
2014,"Taylor Hill","WSN","AAA",25,144,0.26769912,1.41139241,0.17173913,0.48478261,0.34347826,0.17721519,0.09493671,0.4496788,0.27194861,0.27837259,0.06401138,719,1390,2109,"12515"
2015,"Taylor Hill","WSN","AAA",26,118.2,0.36065574,1.4379562,0.21596244,0.46244131,0.32159624,0.19708029,0.06569343,0.48623853,0.21330275,0.30045872,0.05958549,700,1230,1930,"12515"
2016,"Taylor Hill","WSN","AAA",27,154.2,0.29681275,1.06735751,0.21764706,0.40392157,0.37843137,0.23316062,0.0984456,0.49423077,0.24038462,0.26538462,0.06296914,881,1517,2398,"12515"
2015,"Erik Johnson","CHW","AAA",25,132.2,0.29344729,1.14166667,0.25290698,0.39825581,0.34883721,0.21666667,0.04166667,0.41690141,0.27323944,0.30985915,0.12118274,698,1365,2063,"12520"
2018,"Drew Gagnon","NYM","AAA",28,157.2,0.31372549,1.51879699,0.19664269,0.48441247,0.31894484,0.16541353,0.17293233,0.46976744,0.2744186,0.25581395,0.14108216,923,1572,2495,"12545"
2014,"Mike Wright Jr.","BAL","AAA",24,142.2,0.32181425,0.9281768,0.23464912,0.36842105,0.39692982,0.17679558,0.05524862,0.45435244,0.24840764,0.29723992,0.08445214,792,1517,2309,"12586"
2014,"Nate Karns","TBR","AAA",26,145.1,0.32307692,1.3115942,0.19647355,0.4559194,0.34760705,0.23913043,0.11594203,0.4729064,0.21674877,0.31034483,0.11702128,860,1490,2350,"12638"
2016,"Roenis Elias","BOS","AAA",27,125,0.30259366,1.21008403,0.25071225,0.41025641,0.33903134,0.26890756,0.08403361,0.45938375,0.21848739,0.32212885,0.09704852,767,1232,1999,"12673"
2017,"Tyler Wilson","BAL","AAA",27,114,0.31216931,1.41322314,0.2335958,0.4488189,0.3175853,0.23140496,0.08264463,0.42525773,0.25773196,0.31701031,0.07916901,625,1156,1781,"12691"
2017,"Ryan Carpenter","COL","AAA",26,156,0.3317757,1.28571429,0.22580645,0.43548387,0.33870968,0.19047619,0.1292517,0.44742729,0.25503356,0.29753915,0.107272,870,1619,2489,"12699"
2013,"Trevor Bauer","CLE","AAA",22,121.1,0.30701754,1.04379562,0.18367347,0.41690962,0.39941691,0.21167883,0.10218978,0.50420168,0.22689076,0.26890756,0.0952381,915,1248,2163,"12703"
2013,"Sonny Gray","OAK","AAA",23,118.1,0.3373494,1.85714286,0.21450151,0.51057402,0.27492447,0.21978022,0.05494505,0.44510386,0.23738872,0.31750742,0.0959596,686,1096,1782,"12768"
2014,"Matt Wisler","SDP","AAA",21,116.2,0.31728045,1.22047244,0.21666667,0.43055556,0.35277778,0.18897638,0.1496063,0.42741935,0.29032258,0.28225806,0.09978655,663,1211,1874,"12804"
2014,"Alex Meyer","MIN","AAA",24,130.1,0.32121212,1.29166667,0.16413374,0.47112462,0.36474164,0.29166667,0.08333333,0.41246291,0.21958457,0.36795252,0.10633484,839,1371,2210,"12833"
2014,"Matt Barnes","BOS","AAA",24,127.2,0.29365079,1.07284768,0.17195767,0.42857143,0.3994709,0.20529801,0.05298013,0.40463918,0.23453608,0.36082474,0.09579991,806,1313,2119,"12863"
2014,"Logan Verrett","NYM","AAA",24,162,0.32758621,1.37714286,0.20610687,0.45992366,0.33396947,0.17142857,0.09714286,0.48979592,0.23376623,0.27643785,0.117598,813,1585,2398,"12905"
2016,"Gabriel Ynoa","NYM","AAA",23,154.1,0.29980658,1.54545455,0.23287671,0.46575342,0.30136986,0.18181818,0.0974026,0.45966229,0.25140713,0.28893058,0.07029877,816,1460,2276,"12938"
2016,"Jason Wheeler","MIN","AAA",25,145.1,0.28117914,0.89473684,0.19101124,0.38202247,0.42696629,0.29473684,0.06842105,0.4812362,0.22516556,0.29359823,0.09695652,813,1487,2300,"13128"
2015,"Henry Owens","BOS","AAA",22,122.1,0.23333333,1,0.1951952,0.4024024,0.4024024,0.21641791,0.05223881,0.48367953,0.23738872,0.27893175,0.10989011,772,1230,2002,"13143"
2016,"Henry Owens","BOS","AAA",23,137.2,0.26628895,0.76397516,0.20224719,0.34550562,0.45224719,0.33540373,0.08074534,0.45355191,0.24590164,0.30054645,0.11492352,957,1462,2419,"13143"
2017,"Jayson Aquino","BAL","AAA",24,114.2,0.31754875,1.5625,0.19607843,0.49019608,0.31372549,0.19642857,0.09821429,0.47154472,0.25745257,0.27100271,0.10339343,673,1213,1886,"13150"
2016,"William Cuevas","BOS","AAA",25,131,0.28019324,0.79444444,0.22541966,0.34292566,0.43165468,0.27222222,0.1,0.42824074,0.25694444,0.31481481,0.09936985,751,1312,2063,"13331"
2018,"William Cuevas","BOS","AAA",27,135.1,0.27105263,0.66850829,0.22959184,0.30867347,0.46173469,0.3480663,0.09392265,0.47474747,0.19191919,0.33333333,0.11567164,745,1399,2144,"13331"
2018,"Adrian Sampson","TEX","AAA",26,126.2,0.30413625,1.10126582,0.19417476,0.4223301,0.38349515,0.15822785,0.07594937,0.40521327,0.24170616,0.35308057,0.08747412,649,1283,1932,"13339"
2015,"Adrian Sampson","PIT","AAA",23,124.1,0.32493703,1.35433071,0.23918575,0.43765903,0.32315522,0.18110236,0.06299213,0.43069307,0.26237624,0.30693069,0.101465,590,1253,1843,"13339"
2015,"Brady Rodgers","HOU","AAA",24,115.2,0.32712766,1.55172414,0.22105263,0.47368421,0.30526316,0.23275862,0.11206897,0.45501285,0.25706941,0.28791774,0.0780065,593,1253,1846,"13393"
2016,"Brady Rodgers","HOU","AAA",25,132,0.31853786,1.53333333,0.20626632,0.48041775,0.31331593,0.18333333,0.05833333,0.42966752,0.24808184,0.32225064,0.08939709,618,1306,1924,"13393"
2015,"Dylan Floro","TBR","AAA",24,132.2,0.32679739,1.88,0.20353982,0.5199115,0.27654867,0.168,0.08,0.4465812,0.25213675,0.30128205,0.08050633,631,1344,1975,"13394"
2015,"Taylor Rogers","MIN","AAA",24,174,0.32969035,1.83225806,0.19301471,0.52205882,0.28492647,0.16129032,0.05806452,0.44444444,0.28494624,0.27060932,0.07296467,908,1696,2604,"13449"
2017,"Lucas Sims","ATL","AAA",23,115.1,0.27536232,0.82051282,0.24199288,0.34163701,0.41637011,0.30769231,0.16239316,0.44876325,0.19787986,0.35335689,0.120671,658,1190,1848,"13470"
2015,"Matt Bowman","NYM","AAA",24,140,0.33935743,2.6,0.23790323,0.55040323,0.21169355,0.12380952,0.14285714,0.49706458,0.25440313,0.24853229,0.0743623,842,1471,2313,"13528"
2018,"Justin Haley","BOS","AAA",27,113.2,0.34234234,1.5257732,0.27083333,0.44047619,0.28869048,0.26804124,0.10309278,0.4548105,0.21865889,0.32653061,0.09349593,720,1248,1968,"13572"
2016,"Robert Stephenson","CIN","AAA",23,136.2,0.25789474,0.9691358,0.17357513,0.40673575,0.41968912,0.24691358,0.10493827,0.46192893,0.26903553,0.26903553,0.10863758,888,1358,2246,"13594"
2018,"Robert Stephenson","CIN","AAA",25,113,0.23938224,0.77165354,0.1509434,0.36981132,0.47924528,0.26771654,0.09448819,0.47426471,0.25,0.27573529,0.16180517,679,1138,1817,"13594"
2017,"Shawn Morimando","CLE","AAA",24,159.1,0.31958763,1.05263158,0.21843687,0.4008016,0.38076152,0.12105263,0.11578947,0.45098039,0.29019608,0.25882353,0.11147011,903,1573,2476,"13606"
2016,"Ryan Merritt","CLE","AAA",24,143.1,0.30652174,1.06470588,0.24190065,0.39092873,0.36717063,0.22352941,0.08823529,0.46008403,0.2394958,0.30042017,0.07358491,682,1438,2120,"13688"
2017,"Ryan Merritt","CLE","AAA",25,116,0.28613569,1.34188034,0.22379603,0.44475921,0.33144476,0.17094017,0.16239316,0.48603352,0.22625698,0.2877095,0.08052541,615,1136,1751,"13688"
2016,"Michael Roth","TEX","AAA",26,145.1,0.28798186,1.59574468,0.16818182,0.51136364,0.32045455,0.17730496,0.06382979,0.44911504,0.28982301,0.26106195,0.08211679,805,1387,2192,"13736"
2015,"Michael Roth","CLE","AAA",25,124.1,0.30049261,1.07594937,0.2038835,0.41262136,0.38349515,0.18987342,0.12658228,0.42488263,0.27699531,0.29812207,0.09011329,734,1208,1942,"13736"
2016,"Chris Stratton","SFG","AAA",25,125.2,0.30481283,1.20895522,0.19565217,0.44021739,0.36413043,0.19402985,0.04477612,0.42328042,0.20634921,0.37037037,0.08800419,679,1230,1909,"13761"
2014,"Tim Cooney","STL","AAA",23,158,0.29148936,1.3,0.1802935,0.46331237,0.35639413,0.25882353,0.12352941,0.48373984,0.21544715,0.30081301,0.11339773,842,1539,2381,"13762"
2017,"Tyler Wagner","TEX","AAA",26,125.1,0.32908163,1.01935484,0.20356234,0.40203562,0.39440204,0.2,0.12903226,0.43920596,0.30769231,0.25310174,0.08706468,772,1238,2010,"13796"
2018,"Walker Lockett","SDP","AAA",24,133.1,0.32323232,1.34042553,0.175,0.4725,0.3525,0.17021277,0.12056738,0.46829268,0.23414634,0.29756098,0.10211946,681,1395,2076,"13804"
2018,"Alec Mills","CHC","AAA",26,124.2,0.30327869,1.02797203,0.20765027,0.40163934,0.39071038,0.27272727,0.06993007,0.46808511,0.23404255,0.29787234,0.08934708,737,1300,2037,"13834"
2019,"Dietrich Enns","SDP","AAA",28,137,0.33333333,1.17307692,0.25494505,0.4021978,0.34285714,0.16666667,0.23717949,0.40764331,0.27176221,0.32059448,0.09662641,877,1524,2401,"13932"
2014,"Jason Lane","SDP","AAA",37,149.2,0.31992337,1.10638298,0.2265625,0.40625,0.3671875,0.19680851,0.08510638,0.48880597,0.28544776,0.22574627,0.08689526,690,1439,2129,"1397"
2015,"Jason Lane","SDP","AAA",38,164,0.31092437,1.02690583,0.24666667,0.38166667,0.37166667,0.11210762,0.12107623,0.48878205,0.25961538,0.25160256,0.07215289,929,1635,2564,"1397"
2016,"Mike Hauschild","HOU","AAA",26,139.2,0.31642512,2.10377358,0.20531401,0.53864734,0.25603865,0.09433962,0.06603774,0.43127962,0.25118483,0.31753555,0.11956002,753,1338,2091,"14033"
2015,"Ty Blach","SFG","AAA",24,165.1,0.31059246,1.62345679,0.23285199,0.47472924,0.29241877,0.17283951,0.09876543,0.38850174,0.29094077,0.32055749,0.08038585,863,1625,2488,"14361"
2016,"Ty Blach","SFG","AAA",25,162.2,0.27991886,1.62585034,0.21544715,0.48577236,0.29878049,0.18367347,0.06122449,0.41,0.246,0.344,0.08668602,808,1603,2411,"14361"
2016,"Jake Thompson","PHI","AAA",22,129.2,0.25198939,1.33333333,0.17866667,0.46933333,0.352,0.18939394,0.07575758,0.41085271,0.26356589,0.3255814,0.08437971,763,1228,1991,"14371"
2017,"Jake Thompson","PHI","AAA",23,118.1,0.33066667,1.09655172,0.19148936,0.42287234,0.3856383,0.15172414,0.08275862,0.42487047,0.2642487,0.31088083,0.10010163,761,1207,1968,"14371"
2017,"Jackson Stephens","CIN","AAA",23,139,0.32110092,1.24324324,0.23325635,0.42494226,0.34180139,0.2027027,0.10810811,0.42604857,0.22737307,0.34657837,0.07184874,859,1521,2380,"14420"
2016,"Chi Chi Gonzalez","TEX","AAA",24,138,0.32882883,2.06666667,0.16363636,0.56363636,0.27272727,0.15833333,0.06666667,0.46205357,0.23883929,0.29910714,0.07446323,794,1395,2189,"14663"
2018,"Duane Underwood Jr.","CHC","AAA",23,119.1,0.33426966,1.22580645,0.22253521,0.42816901,0.34929577,0.19354839,0.06451613,0.4077135,0.26721763,0.32506887,0.10226155,728,1306,2034,"14677"
2017,"Anthony Banda","ARI","AAA",23,122,0.31700288,1.2231405,0.23579545,0.42045455,0.34375,0.19834711,0.12396694,0.36914601,0.25619835,0.37465565,0.10280819,786,1315,2101,"14706"
2017,"Brady Lail","NYY","AAA",23,132.1,0.28915663,0.84916201,0.19660194,0.36893204,0.43446602,0.18435754,0.10614525,0.43601896,0.27962085,0.28436019,0.09544365,755,1330,2085,"14707"
2019,"Paul Blackburn","OAK","AAA",25,132.2,0.29336735,1.83050847,0.17326733,0.53465347,0.29207921,0.16101695,0.15254237,0.44634146,0.24146341,0.31219512,0.09705882,766,1274,2040,"14739"
2017,"Buck Farmer","DET","AAA",26,123.2,0.3415978,1.17557252,0.22343324,0.41961853,0.35694823,0.25954198,0.06870229,0.45698925,0.22043011,0.32258065,0.12012012,708,1290,1998,"14814"
2016,"Ben Lively","PHI","AAA",24,117.2,0.22121212,0.91608392,0.1746988,0.39457831,0.43072289,0.20979021,0.06993007,0.43195266,0.20710059,0.36094675,0.07719298,570,1140,1710,"14932"
2017,"Aaron Blair","ATL","AAA",25,127.1,0.31486146,1.05128205,0.19395466,0.41309824,0.3929471,0.21153846,0.06410256,0.42260442,0.25798526,0.31941032,0.10288248,931,1324,2255,"14934"
2016,"Austin Voth","WSN","AAA",24,157,0.27850877,1.63043478,0.1986755,0.49668874,0.30463576,0.22463768,0.07971014,0.46680942,0.248394,0.28479657,0.0868229,983,1620,2603,"15047"
2018,"Austin Voth","WSN","AAA",26,125.2,0.29526462,1.05594406,0.19230769,0.41483516,0.39285714,0.20979021,0.09090909,0.45040214,0.2386059,0.31099196,0.09095307,744,1323,2067,"15047"
2016,"Jaime Schultz","TBR","AAA",25,130.2,0.32686084,1.31,0.26433121,0.41719745,0.31847134,0.18,0.12,0.36760125,0.22741433,0.40498442,0.11869436,932,1427,2359,"15066"
2016,"Kyle McGowin","LAA","AAA",24,116.1,0.35654596,1.12592593,0.21798365,0.41416894,0.36784741,0.23703704,0.11851852,0.46524064,0.24064171,0.29411765,0.10777834,750,1217,1967,"15071"
2017,"Tyler Danish","CHW","AAA",22,138.1,0.31845842,1.79285714,0.200409,0.51329243,0.28629857,0.14285714,0.12857143,0.49414063,0.26171875,0.24414063,0.07033363,782,1436,2218,"15126"
2016,"Braden Shipley","ARI","AAA",24,119.1,0.31632653,1.41269841,0.218509,0.45758355,0.32390746,0.19047619,0.05555556,0.45979899,0.25879397,0.28140704,0.06028761,673,1135,1808,"15158"
2019,"Aaron Slegers","TBR","AAA",26,112.1,0.30769231,1.23577236,0.24863388,0.41530055,0.33606557,0.20325203,0.17886179,0.51612903,0.20698925,0.27688172,0.08813559,629,1141,1770,"15231"
2017,"Aaron Slegers","MIN","AAA",24,148.1,0.31222707,1.36551724,0.22921348,0.44494382,0.3258427,0.26206897,0.07586207,0.4392936,0.25386313,0.30684327,0.10860367,694,1433,2127,"15231"
2016,"Austin Pruitt","TBR","AAA",26,162.2,0.31590414,1.36601307,0.2346723,0.44186047,0.32346723,0.15686275,0.1372549,0.48440748,0.25987526,0.25571726,0.13305955,802,1633,2435,"15290"
2017,"Steven Brault","PIT","AAA",25,120.1,0.25157233,1.60576923,0.153125,0.521875,0.325,0.18269231,0.04807692,0.42105263,0.20433437,0.374613,0.11580031,726,1217,1943,"15291"
2018,"Kevin Herget","STL","AAA",27,138.2,0.32195122,0.85465116,0.24407583,0.34834123,0.40758294,0.19186047,0.12209302,0.3986014,0.2983683,0.3030303,0.11237489,726,1472,2198,"15369"
2017,"Lucas Giolito","CHW","AAA",22,128.2,0.3115727,1.31355932,0.21776504,0.44412607,0.33810888,0.23728814,0.1440678,0.42209632,0.25212465,0.32577904,0.12046574,866,1367,2233,"15474"
2018,"Jen-Ho Tseng","CHC","AAA",23,136.1,0.32705882,1.62992126,0.21962617,0.48364486,0.29672897,0.13385827,0.15748031,0.45617978,0.24719101,0.29662921,0.09345392,830,1492,2322,"15524"
2018,"Phillips Valdez","WSN","AAA",26,124.1,0.27747253,2.47126437,0.17032967,0.59065934,0.23901099,0.13793103,0.11494253,0.45040214,0.24396783,0.30563003,0.09381551,732,1176,1908,"15605"
2016,"Dillon Overton","OAK","AAA",24,125.2,0.32642487,0.90849673,0.24155844,0.36103896,0.3974026,0.26797386,0.03921569,0.46803069,0.26598465,0.26598465,0.09702259,669,1279,1948,"15627"
2019,"Dillon Overton","SDP","AAA",27,115.1,0.33237822,0.79194631,0.27445652,0.32065217,0.4048913,0.15436242,0.16778523,0.38873995,0.30294906,0.30831099,0.10732197,695,1299,1994,"15627"
2017,"Adam Plutko","CLE","AAA",25,135.2,0.31851852,0.67171717,0.21190476,0.31666667,0.47142857,0.1969697,0.12121212,0.41860465,0.26511628,0.31627907,0.08693733,823,1443,2266,"15846"
2019,"Keury Mella","CIN","AAA",25,142.2,0.30734967,1.76470588,0.18614719,0.51948052,0.29437229,0.15441176,0.16176471,0.44915254,0.20550847,0.34533898,0.09127954,932,1522,2454,"15964"
2018,"Cy Sneed","HOU","AAA",25,127,0.31404959,1.35245902,0.20936639,0.45454545,0.33608815,0.2295082,0.04918033,0.4076087,0.26902174,0.32336957,0.098678,792,1326,2118,"16106"
2011,"Eric Junge","LAA","AAA",34,160,0.31137725,1.79865772,0.1934236,0.51837524,0.28820116,0.15436242,0.15436242,0.49330784,0.24665392,0.26003824,0.07204385,992,1562,2554,"1611"
2011,"Shane Loux","SFG","AAA",31,179.1,0.3,1.90184049,0.21818182,0.51239669,0.26942149,0.14723926,0.11656442,0.48325359,0.25677831,0.2599681,0.0537236,985,1714,2699,"1613"
2018,"Chandler Shepherd","BOS","AAA",25,129.2,0.31540342,1.25954198,0.25252525,0.41666667,0.33080808,0.25954198,0.09923664,0.40740741,0.24197531,0.35061728,0.08400955,692,1403,2095,"16166"
2010,"Andy Van Hekken","HOU","AAA",30,177.1,0.29929577,1.34031414,0.19892473,0.45878136,0.34229391,0.23036649,0.07329843,0.40963855,0.27022375,0.32013769,0.07636502,943,1676,2619,"1630"
2011,"Andy Van Hekken","HOU","AAA",31,129.2,0.35714286,1.56666667,0.21428571,0.47959184,0.30612245,0.16666667,0.05833333,0.4178744,0.23671498,0.34541063,0.08158614,813,1381,2194,"1630"
2018,"Alex McRae","PIT","AAA",25,117,0.35612536,1.44642857,0.22159091,0.46022727,0.31818182,0.16964286,0.08035714,0.4178273,0.23955432,0.34261838,0.1011813,707,1240,1947,"16317"
2019,"Alex McRae","PIT","AAA",26,114.1,0.32432432,1.57281553,0.23188406,0.46956522,0.29855072,0.15533981,0.19417476,0.4674221,0.26062323,0.27195467,0.11284451,715,1208,1923,"16317"
2017,"Reynaldo Lopez","CHW","AAA",23,121,0.26898734,0.84671533,0.209375,0.3625,0.428125,0.31386861,0.11678832,0.45015106,0.23867069,0.31117825,0.11868563,752,1287,2039,"16400"
2017,"Yonny Chirinos","TBR","AAA",23,141,0.27040816,1.69230769,0.19642857,0.50510204,0.29846939,0.20512821,0.08547009,0.46882793,0.24189526,0.28927681,0.13893209,633,1296,1929,"16401"
2019,"Foster Griffin","KCR","AAA",23,130.2,0.29457364,1.29801325,0.1281407,0.49246231,0.37939698,0.12582781,0.13245033,0.44987775,0.23227384,0.31784841,0.09804812,847,1356,2203,"16432"
2017,"Brent Honeywell","TBR","AAA",22,123.2,0.36503067,1.23636364,0.25454545,0.41212121,0.33333333,0.2,0.1,0.42433234,0.2462908,0.32937685,0.14265199,685,1404,2089,"16466"
2018,"Trevor Oaks","KCR","AAA",25,128.1,0.29832936,1.54814815,0.17307692,0.50240385,0.32451923,0.13333333,0.03703704,0.44103774,0.25707547,0.30188679,0.07427717,752,1254,2006,"16468"
2017,"Ryan Yarbrough","TBR","AAA",25,157.1,0.29594272,1.4084507,0.20649652,0.46403712,0.32946636,0.1971831,0.14084507,0.4214123,0.25512528,0.32346241,0.14008882,859,1618,2477,"16502"
2018,"Michael Kopech","CHW","AAA",22,126.1,0.3161512,0.98245614,0.22068966,0.3862069,0.39310345,0.1754386,0.07894737,0.4548495,0.24414716,0.30100334,0.12701335,822,1351,2173,"17282"
2016,"Jeff Hoffman","COL","AAA",23,118.2,0.32515337,1.18852459,0.19090909,0.43939394,0.36969697,0.13114754,0.09016393,0.44674556,0.21301775,0.34023669,0.09490156,740,1241,1981,"17432"
2011,"Nate Bump","PHI","AAA",34,134,0.33894737,1.45394737,0.21802935,0.46331237,0.31865828,0.15131579,0.07236842,0.46804124,0.26597938,0.26597938,0.0524767,719,1320,2039,"1755"
2018,"JT Brubaker","PIT","AAA",24,119,0.32022472,1.48333333,0.16056338,0.50140845,0.33802817,0.19166667,0.05833333,0.46280992,0.26170799,0.27548209,0.09757331,746,1232,1978,"17578"
2018,"Taylor Clarke","ARI","AAA",25,152,0.30176211,1.09090909,0.24672489,0.3930131,0.36026201,0.27878788,0.07272727,0.42826552,0.27623126,0.29550321,0.10488391,947,1551,2498,"17611"
2018,"Rogelio Armenteros","HOU","AAA",24,118,0.3013245,0.98230088,0.22491349,0.38408304,0.39100346,0.21238938,0.13274336,0.41296928,0.26962457,0.31740614,0.11865285,738,1192,1930,"17679"
2018,"Nestor Cortes","NYY","AAA",23,111.2,0.2611465,0.78082192,0.18495298,0.35736677,0.45768025,0.19863014,0.0890411,0.42121212,0.24242424,0.33636364,0.08796042,637,1182,1819,"17874"
2017,"Trent Thornton","HOU","AAA",23,115,0.33783784,1.52252252,0.24528302,0.45552561,0.29919137,0.17117117,0.10810811,0.48691099,0.21989529,0.29319372,0.10005408,619,1230,1849,"17948"
2018,"Trent Thornton","HOU","AAA",24,124.1,0.30434783,1.19672131,0.23646724,0.41595442,0.34757835,0.16393443,0.10655738,0.45098039,0.25210084,0.29691877,0.11386861,717,1338,2055,"17948"
2017,"Chance Adams","NYY","AAA",22,115.1,0.23606557,1.03252033,0.18566775,0.41368078,0.40065147,0.25203252,0.07317073,0.42903226,0.21612903,0.35483871,0.08945191,705,1229,1934,"18135"
2018,"Chance Adams","NYY","AAA",23,113,0.28239203,1.06779661,0.19205298,0.41721854,0.39072848,0.19491525,0.13559322,0.41693811,0.26058632,0.32247557,0.10134486,802,1280,2082,"18135"
2018,"James Naile","OAK","AAA",25,135.2,0.32214765,2.02678571,0.24666667,0.50444444,0.24888889,0.20535714,0.10714286,0.45217391,0.24347826,0.30434783,0.06353722,794,1315,2109,"18186"
2018,"P.J. Conlon","NYM","AAA",24,114,0.33597884,0.87012987,0.25194805,0.34805195,0.4,0.2012987,0.12987013,0.41772152,0.30126582,0.28101266,0.0861366,727,1235,1962,"18213"
2017,"Carson Fulmer","CHW","AAA",23,126,0.296875,1.38016529,0.2173913,0.45380435,0.32880435,0.14049587,0.14876033,0.43915344,0.25661376,0.3042328,0.090301,847,1246,2093,"18311"
2017,"Thomas Eshelman","PHI","AAA",23,121,0.25479452,1.07857143,0.15895954,0.43641618,0.40462428,0.17857143,0.05714286,0.39830508,0.25423729,0.34745763,0.0760582,421,1091,1512,"18361"
2018,"Thomas Eshelman","PHI","AAA",24,140.1,0.3559322,1.11560694,0.2406639,0.40041494,0.35892116,0.19653179,0.12138728,0.46868687,0.25454545,0.27676768,0.08152174,843,1549,2392,"18361"
2018,"Enyel De Los Santos","PHI","AAA",22,126.2,0.26436782,1.02836879,0.1898017,0.41076487,0.39943343,0.23404255,0.08510638,0.45555556,0.20277778,0.34166667,0.11706349,686,1330,2016,"18403"
2013,"Chris Bootcheck","NYY","AAA",34,136.2,0.28639618,0.98265896,0.17942584,0.40669856,0.4138756,0.1734104,0.0867052,0.45727483,0.25635104,0.28637413,0.09392015,808,1396,2204,"1842"
2019,"Jake Woodford","STL","AAA",22,151.2,0.24878049,0.81818182,0.19621749,0.36170213,0.44208038,0.21925134,0.11764706,0.44779582,0.23665893,0.31554524,0.10505987,1042,1547,2589,"18674"
2018,"Sandy Alcantara","MIA","AAA",22,115.2,0.28279883,1.48275862,0.17241379,0.49425287,0.33333333,0.20689655,0.0862069,0.43909348,0.2407932,0.32011331,0.09873138,647,1166,1813,"18684"
2018,"Kolby Allard","ATL","AAA",20,112.1,0.29447853,0.92424242,0.20872274,0.38006231,0.41121495,0.15909091,0.04545455,0.43030303,0.23939394,0.33030303,0.10306243,582,1116,1698,"18694"
2013,"Shawn Hill","DET","AAA",32,150.1,0.33269598,2.03623188,0.20190476,0.5352381,0.26285714,0.12318841,0.12318841,0.48975791,0.23277467,0.27746741,0.07743826,909,1480,2389,"1882"
2014,"Jeff Bennett","LAD","AAA",34,120,0.32307692,1.19727891,0.15885417,0.45833333,0.3828125,0.17687075,0.07482993,0.48,0.24,0.28,0.08273381,734,1212,1946,"1903"
2019,"Wes Benjamin","TEX","AAA",25,135.1,0.31553398,0.83240223,0.23185012,0.34894614,0.41920375,0.23463687,0.13407821,0.45308924,0.24713959,0.29977117,0.11481638,868,1501,2369,"19243"
2018,"Cole Irvin","PHI","AAA",24,161.1,0.27015251,1.325,0.18954248,0.46187364,0.34858388,0.2,0.06875,0.40685225,0.2633833,0.32976445,0.09555742,800,1586,2386,"19244"
2019,"Vladimir Gutierrez","CIN","AAA",23,137,0.29064039,0.95480226,0.1820331,0.39952719,0.41843972,0.14124294,0.14689266,0.42263279,0.26096998,0.31639723,0.09287257,811,1504,2315,"19278"
2018,"Zac Gallen","MIA","AAA",22,133.1,0.35078534,0.98064516,0.20671835,0.39276486,0.4005168,0.23870968,0.09032258,0.42278481,0.21265823,0.36455696,0.09861592,831,1481,2312,"19291"
2019,"Keegan Akin","BAL","AAA",24,112.1,0.33110368,0.72592593,0.22333333,0.32666667,0.45,0.2,0.07407407,0.3592233,0.27508091,0.36569579,0.13034924,751,1282,2033,"19362"
2014,"Justin Germano","TEX","AAA",31,131.2,0.29285714,1.32075472,0.147806,0.48498845,0.36720554,0.1509434,0.13836478,0.51910112,0.22921348,0.25168539,0.07529654,626,1313,1939,"1938"
2013,"Justin Germano","TOR","AAA",30,151,0.34194831,1.83687943,0.2,0.518,0.282,0.21276596,0.08510638,0.5233463,0.23540856,0.24124514,0.08193753,709,1500,2209,"1938"
2019,"Ryan Hartman","HOU","AAA",25,115.2,0.32727273,0.91366906,0.24645892,0.35977337,0.39376771,0.20863309,0.1942446,0.42857143,0.26890756,0.30252101,0.1106994,776,1383,2159,"19480"
2019,"Kyle Wright","ATL","AAA",23,112.1,0.31333333,1.64772727,0.24104235,0.4723127,0.28664495,0.17045455,0.14772727,0.4600639,0.20127796,0.33865815,0.11986494,635,1142,1777,"19665"
2019,"Matt Swarmer","CHC","AAA",25,151.1,0.32657658,0.83823529,0.20382166,0.36305732,0.43312102,0.24019608,0.17647059,0.43541667,0.2625,0.30208333,0.1306288,863,1602,2465,"19705"
2011,"Jeremy Hefner","SDP","AAA",25,157.1,0.31462926,0.92477876,0.13690476,0.41468254,0.4484127,0.16371681,0.09292035,0.47388781,0.23791103,0.28820116,0.08085431,1001,1621,2622,"1989"
2010,"Ivan Nova","NYY","AAA",23,145,0.29761905,1.85,0.18764846,0.52731591,0.28503563,0.2,0.08333333,0.46171694,0.22041763,0.31786543,0.08285985,799,1313,2112,"1994"
2019,"Bryse Wilson","ATL","AAA",21,121,0.31304348,1.34782609,0.22190202,0.44668588,0.3314121,0.23478261,0.10434783,0.42696629,0.23033708,0.34269663,0.11362441,643,1258,1901,"19990"
2017,"Justin Masterson","LAD","AAA",32,141.2,0.30886076,1.60833333,0.18276762,0.50391645,0.31331593,0.15,0.05833333,0.44472362,0.27638191,0.27889447,0.0868653,911,1472,2383,"2038"
2014,"Chien-Ming Wang","CIN","AAA",34,119.1,0.30487805,2.32967033,0.23869347,0.53266332,0.22864322,0.12087912,0.04395604,0.48067633,0.23671498,0.2826087,0.07226237,682,1117,1799,"2074"
2011,"Jon Leicester","SDP","AAA",32,135.2,0.31623932,0.89952153,0.15889831,0.39830508,0.44279661,0.14832536,0.10047847,0.42827869,0.26229508,0.30942623,0.07149047,946,1362,2308,"2092"
2012,"Fernando Nieve","LAD","AAA",29,119.1,0.36760925,1.03773585,0.16709512,0.42416452,0.40874036,0.13207547,0.11949686,0.39259259,0.27654321,0.3308642,0.10291165,689,1303,1992,"2173"
2011,"Brian Bass","PHI","AAA",29,158.1,0.312749,2.66964286,0.178,0.598,0.224,0.15178571,0.11607143,0.56699029,0.23495146,0.19805825,0.07929688,1015,1545,2560,"2219"
2011,"Tony Pena Jr.","BOS","AAA",30,116.1,0.31168831,1.50420168,0.21578947,0.47105263,0.31315789,0.25210084,0.05882353,0.46907216,0.24484536,0.28608247,0.08196721,637,1132,1769,"2240"
2013,"Barry Enright","LAA","AAA",27,116.1,0.32198953,0.6875,0.1980198,0.32673267,0.47524752,0.28125,0.15625,0.44902913,0.26456311,0.28640777,0.07822086,723,1233,1956,"2412"
2011,"Barry Enright","ARI","AAA",25,122.2,0.29076087,0.77011494,0.19582245,0.34986945,0.45430809,0.17241379,0.11494253,0.47164948,0.24226804,0.28608247,0.06859206,717,1222,1939,"2412"
2011,"Corey Kluber","CLE","AAA",25,150.2,0.31381733,0.8125,0.19444444,0.36111111,0.44444444,0.25520833,0.09895833,0.43468468,0.2545045,0.31081081,0.12750098,996,1553,2549,"2429"
2012,"Corey Kluber","CLE","AAA",26,125.1,0.31638418,1.33050847,0.2005814,0.45639535,0.34302326,0.1779661,0.07627119,0.44628099,0.30027548,0.25344353,0.10997442,705,1250,1955,"2429"
2010,"Lance Lynn","STL","AAA",23,164,0.29979036,1.1,0.17901235,0.43004115,0.3909465,0.18947368,0.11052632,0.40643863,0.27565392,0.31790744,0.08911954,1030,1764,2794,"2520"
2015,"Daniel McCutchen","SDP","AAA",32,132.1,0.27427184,0.96273292,0.23114355,0.37712895,0.39172749,0.18012422,0.0931677,0.43325527,0.2763466,0.29039813,0.09875312,675,1330,2005,"263"
2016,"Daniel McCutchen","SDP","AAA",33,134.2,0.36831276,1.04864865,0.22494888,0.39672802,0.37832311,0.15675676,0.1027027,0.41716567,0.30538922,0.27744511,0.06830357,739,1501,2240,"263"
2011,"Chris Sampson","FLA","AAA",33,116.1,0.31794872,1.30714286,0.18844221,0.45979899,0.35175879,0.18571429,0.10714286,0.4962963,0.25185185,0.25185185,0.08491686,580,1104,1684,"2651"
2012,"Ramon Ortiz","NYY","AAA",39,169.1,0.28113208,1.23383085,0.16697588,0.46011132,0.3729128,0.25870647,0.08955224,0.49087591,0.25547445,0.25364964,0.11147812,818,1604,2422,"27"
2010,"Joe Savery","PHI","AAA",24,127.1,0.31828442,1.25,0.18918919,0.45045045,0.36036036,0.2125,0.08125,0.50657895,0.21491228,0.27850877,0.06417112,795,1262,2057,"2835"
2011,"Zach McAllister","CLE","AAA",23,154.2,0.30769231,0.89393939,0.19354839,0.38064516,0.42580645,0.19191919,0.05555556,0.42827443,0.23492723,0.33679834,0.09454855,785,1563,2348,"2895"
2010,"Zach McAllister","NYY","AAA",22,132.2,0.33029613,0.98850575,0.22767857,0.38392857,0.38839286,0.20689655,0.11494253,0.42763158,0.25657895,0.31578947,0.07656396,771,1371,2142,"2895"
2012,"Jeff Locke","PIT","AAA",24,141.2,0.29620253,1.07594937,0.15025907,0.44041451,0.40932642,0.19620253,0.05696203,0.4516129,0.25558313,0.29280397,0.09959803,807,1432,2239,"2929"
2012,"Bruce Billings","OAK","AAA",26,133.1,0.29758713,0.8902439,0.18848168,0.38219895,0.42931937,0.29268293,0.09146341,0.40463918,0.2757732,0.31958763,0.10599078,779,1391,2170,"3044"
2013,"Bruce Billings","OAK","AAA",27,148.1,0.29009434,0.88082902,0.16359447,0.39170507,0.44470046,0.23316062,0.0880829,0.38409091,0.25227273,0.36363636,0.10792239,896,1578,2474,"3044"
2015,"Bruce Billings","WSN","AAA",29,121.1,0.31733333,1.02702703,0.19137466,0.4097035,0.39892183,0.26351351,0.04054054,0.45646438,0.23746702,0.3060686,0.08415842,701,1319,2020,"3044"
2016,"Duane Below","NYM","AAA",30,140,0.33839479,1.18072289,0.21645022,0.42424242,0.35930736,0.22891566,0.13855422,0.40082645,0.28305785,0.3161157,0.092601,680,1523,2203,"3124"
2014,"Duane Below","DET","AAA",28,116.2,0.30053191,0.94339623,0.17819149,0.39893617,0.42287234,0.20125786,0.06918239,0.41388175,0.25706941,0.32904884,0.08305085,603,1167,1770,"3124"
2010,"Luis Mendoza","KCR","AAA",26,132,0.29530201,1.69852941,0.19340659,0.50769231,0.2989011,0.24264706,0.09558824,0.42516269,0.24511931,0.329718,0.06173469,710,1250,1960,"3126"
2011,"Luis Mendoza","KCR","AAA",27,144.1,0.26829268,1.33557047,0.19444444,0.46064815,0.34490741,0.25503356,0.03355705,0.47368421,0.24122807,0.28508772,0.07088123,838,1250,2088,"3126"
2010,"Clayton Mortensen","OAK","AAA",25,165.1,0.28143713,1.85211268,0.19161677,0.5249501,0.28343313,0.13380282,0.14084507,0.50384615,0.22692308,0.26923077,0.10308057,952,1580,2532,"3166"
2013,"Josh Stinson","BAL","AAA",25,131,0.28822055,1.40151515,0.20947631,0.46134663,0.32917706,0.25757576,0.08333333,0.46601942,0.1868932,0.34708738,0.09602328,834,1228,2062,"3219"
2015,"Josh Roenicke","MIL","AAA",32,123,0.35585586,1.14367816,0.16367713,0.44618834,0.39013453,0.15517241,0.0862069,0.4379085,0.2875817,0.2745098,0.07192901,783,1358,2141,"3241"
2013,"Angel Castro","LAD","AAA",30,116.1,0.32044199,1.97029703,0.15730337,0.55898876,0.28370787,0.18811881,0.06930693,0.46756757,0.19459459,0.33783784,0.0766756,702,1163,1865,"3243"
2019,"Hector Noesi","MIA","AAA",32,125,0.27070064,1,0.21212121,0.39393939,0.39393939,0.20769231,0.20769231,0.39705882,0.23529412,0.36764706,0.11822179,698,1349,2047,"3292"
2010,"Heath Phillips","TBR","AAA",28,139.1,0.25522042,1.37254902,0.18243243,0.47297297,0.34459459,0.1503268,0.1372549,0.50551876,0.23620309,0.25827815,0.07182576,813,1345,2158,"3396"
2011,"Brian Burres","PIT","AAA",30,129.1,0.30808081,0.97546012,0.2029703,0.39356436,0.40346535,0.2208589,0.11042945,0.49152542,0.23002421,0.27845036,0.10260116,771,1305,2076,"3425"
2010,"Anthony Lerew","KCR","AAA",27,123.2,0.29323308,1.48461538,0.16966581,0.49614396,0.33419023,0.13076923,0.03076923,0.43920596,0.21836228,0.34243176,0.07135193,679,1185,1864,"3440"
2015,"Greg Smith","ATL","AAA",31,119.2,0.28643216,1.25362319,0.2106599,0.43908629,0.35025381,0.23188406,0.03623188,0.46782178,0.21782178,0.31435644,0.09133217,571,1148,1719,"3455"
2012,"Greg Smith","LAA","AAA",28,138.1,0.27126437,1.02298851,0.2,0.40454545,0.39545455,0.25862069,0.10344828,0.4800885,0.24778761,0.27212389,0.09416628,815,1362,2177,"3455"
2014,"Greg Smith","PHI","AAA",30,157.1,0.3045977,0.76348548,0.19507576,0.34848485,0.45643939,0.1659751,0.07053942,0.45185185,0.27777778,0.27037037,0.07255776,874,1593,2467,"3455"
2010,"Chase Wright","MIL","AAA",27,151,0.30284553,1.81294964,0.20850202,0.51012146,0.28137652,0.17985612,0.14388489,0.47058824,0.23137255,0.29803922,0.07810553,979,1428,2407,"3593"
2014,"Kyle Davies","CLE","AAA",30,124.2,0.3030303,0.94475138,0.11779449,0.42857143,0.45363409,0.13812155,0.05524862,0.40640394,0.21182266,0.3817734,0.07401736,729,1230,1959,"3642"
2015,"Kyle Davies","NYY","AAA",31,152.2,0.30309278,0.96391753,0.2208589,0.38241309,0.39672802,0.20103093,0.04123711,0.43902439,0.23373984,0.32723577,0.08151093,955,1560,2515,"3642"
2013,"J.D. Martin","TBR","AAA",30,160.1,0.3029703,1.0631068,0.15841584,0.43366337,0.40792079,0.1407767,0.07281553,0.43737958,0.29672447,0.26589595,0.08817384,795,1598,2393,"3685"
2012,"J.D. Martin","MIA","AAA",29,130,0.34168565,1.07954545,0.17006803,0.430839,0.39909297,0.13636364,0.10227273,0.47483589,0.24507659,0.28008753,0.08120531,629,1329,1958,"3685"
2014,"Matt Buschmann","OAK","AAA",30,133.1,0.33072917,1.42424242,0.17312661,0.48578811,0.34108527,0.16666667,0.11363636,0.52882206,0.22556391,0.24561404,0.10781544,835,1289,2124,"3832"
2016,"Matt Buschmann","ARI","AAA",32,142,0.32900433,1.31578947,0.25581395,0.42283298,0.32135307,0.13157895,0.13157895,0.41995842,0.27442827,0.30561331,0.08885942,885,1377,2262,"3832"
2012,"Chris Seddon","CLE","AAA",28,123,0.28152493,0.73125,0.20857143,0.33428571,0.45714286,0.2375,0.1,0.45378151,0.2464986,0.29971989,0.10125204,618,1219,1837,"3833"
2011,"Chris Seddon","SEA","AAA",27,149.1,0.33970276,0.97461929,0.18958333,0.4,0.41041667,0.29949239,0.10152284,0.47250509,0.23625255,0.29124236,0.10229068,948,1584,2532,"3833"
2012,"Zach Duke","WSN","AAA",29,164.1,0.29724771,1.5698324,0.15285451,0.5174954,0.32965009,0.12849162,0.08938547,0.51162791,0.24686941,0.24150268,0.0726817,853,1541,2394,"3840"
2018,"Brett Oberholtzer","COL","AAA",28,132.2,0.33411765,1.18125,0.20319635,0.43150685,0.3652968,0.1375,0.15625,0.47203579,0.25727069,0.27069351,0.10865475,771,1355,2126,"3855"
2017,"Brett Oberholtzer","TOR","AAA",27,131,0.34013605,1.3537415,0.21004566,0.4543379,0.33561644,0.17687075,0.04761905,0.43652561,0.28285078,0.28062361,0.09865255,761,1317,2078,"3855"
2013,"Ethan Martin","PHI","AAA",24,115.2,0.27574751,0.97637795,0.17704918,0.40655738,0.41639344,0.19685039,0.08661417,0.3525641,0.28205128,0.36538462,0.09664886,868,1191,2059,"3877"
2011,"Frankie De La Cruz","MIL","AAA",27,137,0.29667519,1.73275862,0.18717949,0.51538462,0.2974359,0.18103448,0.12068966,0.4617284,0.24444444,0.29382716,0.09513652,899,1445,2344,"3920"
2011,"Joe Martinez","CLE","AAA",28,118,0.34059946,1.72072072,0.18378378,0.51621622,0.3,0.16216216,0.0990991,0.44148936,0.22074468,0.33776596,0.09907834,609,1127,1736,"3935"
2013,"Joe Martinez","CLE","AAA",30,130,0.33179724,1.65671642,0.19274376,0.50340136,0.30385488,0.11940299,0.14179104,0.50331126,0.20971302,0.28697572,0.09152017,638,1296,1934,"3935"
2012,"Joe Martinez","ARI","AAA",29,155.1,0.35834897,1.9858156,0.21455224,0.52238806,0.2630597,0.12765957,0.10638298,0.46800731,0.22120658,0.31078611,0.07737105,853,1551,2404,"3935"
2014,"Allen Webster","BOS","AAA",24,122,0.27920228,1.3852459,0.17329545,0.48011364,0.34659091,0.1557377,0.07377049,0.48467967,0.23398329,0.28133705,0.12557663,744,1207,1951,"3993"
2014,"Enny Romero","TBR","AAA",23,126,0.31165312,1.08571429,0.21715818,0.4075067,0.37533512,0.25714286,0.09285714,0.42408377,0.23560209,0.34031414,0.10972346,849,1393,2242,"4001"
2012,"Yusmeiro Petit","SFG","AAA",27,166.2,0.32997988,0.68018018,0.24493927,0.30566802,0.44939271,0.26126126,0.06306306,0.45882353,0.24313725,0.29803922,0.0945254,832,1707,2539,"4020"
2014,"Brad Lincoln","PHI","AAA",29,123.1,0.31073446,0.87261146,0.1810585,0.3816156,0.43732591,0.19745223,0.08280255,0.44141689,0.24250681,0.31607629,0.07954545,855,1257,2112,"4241"
2012,"David Huff","CLE","AAA",27,134,0.29290618,0.84816754,0.19036697,0.37155963,0.43807339,0.28795812,0.14136126,0.48198198,0.21846847,0.29954955,0.07579346,770,1341,2111,"4257"
2012,"Scott Elarton","PHI","AAA",36,136.1,0.32026144,0.94382022,0.25108225,0.36363636,0.38528139,0.23595506,0.07303371,0.43432203,0.26483051,0.30084746,0.06273845,891,1468,2359,"426"
2011,"Justin Wilson","PIT","AAA",23,124.1,0.28684211,1.50847458,0.20855615,0.47593583,0.31550802,0.25423729,0.10169492,0.45012788,0.18158568,0.36828645,0.07955597,891,1271,2162,"4301"
2012,"Justin Wilson","PIT","AAA",24,135.2,0.23167155,0.7607362,0.16569767,0.36046512,0.47383721,0.21472393,0.07361963,0.38418079,0.2259887,0.38983051,0.08202803,933,1493,2426,"4301"
2012,"Scott Richmond","TOR","AAA",32,134.2,0.34216867,1.25531915,0.25,0.41745283,0.33254717,0.19148936,0.14893617,0.49885057,0.24367816,0.25747126,0.08359836,832,1369,2201,"4307"
2015,"Kyle Drabek","CHW","AAA",27,137.1,0.27336449,2.05263158,0.17730496,0.55319149,0.26950355,0.21052632,0.07017544,0.51376147,0.26834862,0.21788991,0.08282063,853,1260,2113,"4359"
2010,"Jeremy Hellickson","TBR","AAA",23,117.2,0.31309904,0.90909091,0.247557,0.35830619,0.39413681,0.23140496,0.04132231,0.44936709,0.25949367,0.29113924,0.14354839,657,1203,1860,"4371"
2013,"Zach Kroenke","MIL","AAA",29,129.2,0.30317848,1.01282051,0.21303258,0.39598997,0.39097744,0.23076923,0.06410256,0.44844125,0.26618705,0.2853717,0.08516746,820,1270,2090,"4383"
2011,"Zach Kroenke","ARI","AAA",27,128.1,0.35176991,1.47260274,0.20659341,0.47252747,0.32087912,0.19863014,0.09589041,0.4612069,0.21767241,0.32112069,0.07015066,807,1317,2124,"4383"
2012,"Zach Kroenke","ARI","AAA",28,119,0.32394366,0.86263736,0.19093079,0.37470167,0.43436754,0.21978022,0.06593407,0.44137931,0.24827586,0.31034483,0.0757884,722,1244,1966,"4383"
2011,"Brad Mills","TOR","AAA",26,157.1,0.30853392,1.00518135,0.17130621,0.41541756,0.41327623,0.25388601,0.10362694,0.39748954,0.29497908,0.30753138,0.10628803,889,1576,2465,"4420"
2015,"Brad Mills","OAK","AAA",30,137.1,0.2961165,1.1409396,0.23501199,0.40767386,0.35731415,0.2147651,0.08053691,0.44705882,0.26588235,0.28705882,0.09069767,815,1335,2150,"4420"
2013,"Matt Palmer","LAD","AAA",34,133.2,0.30684932,1.46774194,0.16164384,0.49863014,0.33972603,0.16129032,0.12096774,0.47229551,0.27176781,0.25593668,0.10851345,927,1340,2267,"4457"
2011,"Matt Palmer","LAA","AAA",32,137,0.36027714,1.952,0.16326531,0.55328798,0.28344671,0.12,0.112,0.46308725,0.25055928,0.28635347,0.07981989,1001,1442,2443,"4457"
2011,"Sam Narron","MIL","AAA",29,160,0.315197,1.28333333,0.23033708,0.43258427,0.33707865,0.23888889,0.12222222,0.43557169,0.23956443,0.32486388,0.06022683,921,1636,2557,"4516"
2016,"Chris Smith","OAK","AAA",35,130.2,0.2922252,1.4,0.23404255,0.44680851,0.31914894,0.20833333,0.09166667,0.4921875,0.24479167,0.26302083,0.10839483,815,1353,2168,"4544"
2015,"Chris Smith","SDP","AAA",34,127.2,0.30898876,1.24,0.22651934,0.4281768,0.34530387,0.176,0.088,0.4630137,0.24931507,0.28767123,0.11487131,801,1297,2098,"4544"
2010,"Tobi Stoner","NYM","AAA",25,120.2,0.34313725,1.14285714,0.19708029,0.42822384,0.37469586,0.17532468,0.11688312,0.44941176,0.27764706,0.27294118,0.08375125,722,1272,1994,"4591"
2010,"Cesar Carrillo","SDP","AAA",26,151,0.29757085,1.27840909,0.18661258,0.45638945,0.35699797,0.17613636,0.11363636,0.47265625,0.24609375,0.28125,0.08184143,893,1453,2346,"4697"
2012,"Matt Shoemaker","LAA","AAA",25,176.2,0.34991424,1.05701754,0.20642978,0.40778342,0.3857868,0.22807018,0.10964912,0.46962233,0.24958949,0.28078818,0.10598736,948,1741,2689,"4776"
2013,"Matt Shoemaker","LAA","AAA",26,184.1,0.33154122,1.15137615,0.18858131,0.43425606,0.37716263,0.16972477,0.12385321,0.51788756,0.20613288,0.27597956,0.12081784,928,1762,2690,"4776"
2010,"Josh Geer","SDP","AAA",27,171.1,0.31335616,1.345,0.21440536,0.45058626,0.33500838,0.17,0.145,0.47385621,0.2369281,0.28921569,0.07232704,847,1697,2544,"4781"
2014,"Mike Montgomery","TBR","AAA",24,126,0.28496042,1.575,0.18253968,0.5,0.31746032,0.16666667,0.075,0.45244216,0.22879177,0.31876607,0.09361702,832,1283,2115,"4869"
2011,"Mike Montgomery","KCR","AAA",21,150.2,0.31981982,1.46710526,0.16666667,0.49555556,0.33777778,0.15789474,0.09868421,0.41830065,0.25490196,0.32679739,0.09168279,1043,1542,2585,"4869"
2014,"Bo Schultz","ARI","AAA",28,135.1,0.33404255,2.22413793,0.20762712,0.54661017,0.24576271,0.15517241,0.14655172,0.3963039,0.24229979,0.3613963,0.08212341,774,1430,2204,"5028"
2011,"Yohan Flande","ATL","AAA",25,137,0.33106576,1.72,0.2147806,0.4965358,0.2886836,0.136,0.072,0.41906874,0.24611973,0.33481153,0.08811381,781,1398,2179,"5057"
2012,"Yohan Flande","ATL","AAA",26,147.2,0.30802603,1.77862595,0.20524017,0.50873362,0.2860262,0.15267176,0.08396947,0.51380042,0.23991507,0.2462845,0.08409361,992,1529,2521,"5057"
2013,"Yohan Flande","ATL","AAA",27,131.1,0.31367925,1.82352941,0.2,0.51666667,0.28333333,0.19327731,0.07563025,0.4595843,0.21939954,0.32101617,0.07576493,777,1282,2059,"5057"
2015,"Scott Diamond","TBR","AAA",28,150.1,0.33200795,1.8115942,0.224,0.5,0.276,0.16666667,0.0942029,0.46421663,0.24951644,0.28626692,0.08672087,742,1472,2214,"5089"
2016,"Scott Diamond","TOR","AAA",29,166,0.32906764,1.85714286,0.23497268,0.49726776,0.26775956,0.19727891,0.07482993,0.48294434,0.20466786,0.31238779,0.07792208,910,1631,2541,"5089"
2011,"Scott Diamond","MIN","AAA",24,123,0.35421687,1.7295082,0.19174757,0.51213592,0.2961165,0.17213115,0.09016393,0.49765258,0.22535211,0.27699531,0.08483936,702,1290,1992,"5089"
2012,"Rick Van Den Hurk","PIT","AAA",27,123.1,0.29378531,1.28688525,0.19364162,0.45375723,0.35260116,0.18852459,0.06557377,0.48888889,0.225,0.28611111,0.09465891,644,1247,1891,"5099"
2011,"Rick Van Den Hurk","BAL","AAA",26,154.1,0.25321888,0.85148515,0.20930233,0.36363636,0.42706131,0.16831683,0.11386139,0.41632653,0.27346939,0.31020408,0.09459459,878,1564,2442,"5099"
2010,"Guillermo Moscoso","TEX","AAA",26,123.1,0.3238342,0.73099415,0.22715405,0.32637076,0.4464752,0.26315789,0.0994152,0.3681592,0.29353234,0.33830846,0.09029345,780,1435,2215,"5106"
2012,"Jeurys Familia","NYM","AAA",22,137,0.33252427,1.90990991,0.19451372,0.5286783,0.27680798,0.22522523,0.07207207,0.50956938,0.20574163,0.284689,0.10949209,974,1428,2402,"5114"
2014,"Wade LeBlanc","LAA","AAA",29,128,0.352,1.01351351,0.20954907,0.39787798,0.39257294,0.24324324,0.07432432,0.41450777,0.25129534,0.33419689,0.11908178,756,1335,2091,"5221"
2014,"Rudy Owens","HOU","AAA",26,135,0.30361446,1.00595238,0.18795181,0.40722892,0.40481928,0.19047619,0.05952381,0.44941176,0.23529412,0.31529412,0.08268859,720,1348,2068,"5226"
2012,"Rudy Owens","PIT","AAA",24,117.1,0.28011204,0.86956522,0.15211268,0.3943662,0.45352113,0.22981366,0.07453416,0.38978495,0.26344086,0.34677419,0.09784411,643,1166,1809,"5226"
2011,"Vin Mazzaro","KCR","AAA",24,123.2,0.34564644,1.91176471,0.21635884,0.51451187,0.26912929,0.18627451,0.08823529,0.47043702,0.25449871,0.27506427,0.09422792,799,1228,2027,"5231"
2017,"Wilmer Font","LAD","AAA",27,134.1,0.31498471,0.91304348,0.19756839,0.38297872,0.41945289,0.20289855,0.07971014,0.36795252,0.27893175,0.35311573,0.12325784,748,1548,2296,"5257"
2012,"Casey Crosby","DET","AAA",23,125.2,0.28571429,1.51754386,0.1915493,0.48732394,0.32112676,0.27192982,0.10526316,0.52054795,0.21643836,0.2630137,0.10789603,826,1213,2039,"5261"
2010,"Chris Tillman","BAL","AAA",22,121.1,0.30136986,0.96551724,0.22764228,0.37940379,0.39295393,0.19310345,0.06896552,0.416,0.232,0.352,0.09128417,704,1235,1939,"5279"
2015,"Brad Penny","CHW","AAA",37,135.1,0.34989201,2.64646465,0.21691974,0.56832972,0.21475054,0.14141414,0.11111111,0.48631579,0.26315789,0.25052632,0.06754221,775,1357,2132,"535"
2011,"D.J. Mitchell","NYY","AAA",24,161.1,0.29652352,1.62411348,0.24489796,0.46734694,0.2877551,0.14893617,0.07092199,0.518,0.23,0.252,0.08423077,1068,1532,2600,"5354"
2013,"Jose Alvarez","DET","AAA",24,128.2,0.28296703,1.4,0.21525886,0.45776567,0.32697548,0.21666667,0.09166667,0.49066667,0.21333333,0.296,0.13878628,638,1257,1895,"5358"
2013,"Brett Marshall","NYY","AAA",23,138.2,0.31203931,1.25490196,0.1686747,0.4626506,0.3686747,0.20915033,0.11111111,0.47169811,0.25707547,0.27122642,0.11394044,912,1405,2317,"5364"
2012,"Brad Peacock","OAK","AAA",24,134.2,0.34025974,0.73770492,0.18877551,0.34438776,0.46683673,0.22404372,0.08743169,0.4075,0.295,0.2975,0.09760065,977,1482,2459,"5401"
2016,"Brad Peacock","HOU","AAA",28,117,0.33534743,1.24347826,0.22289157,0.43072289,0.34638554,0.15652174,0.09565217,0.40882353,0.28529412,0.30588235,0.11205603,723,1276,1999,"5401"
2011,"Dana Eveland","LAD","AAA",27,154,0.29411765,2.136,0.16239316,0.57051282,0.26709402,0.2,0.088,0.45247934,0.22520661,0.32231405,0.08309098,943,1464,2407,"5508"
2019,"Tim Dillard","TEX","AAA",35,153.1,0.31160896,2.42477876,0.2244489,0.5490982,0.22645291,0.16814159,0.14159292,0.38976378,0.27952756,0.33070866,0.07337434,791,1485,2276,"5518"
2010,"Josh Banks","HOU","AAA",27,171.2,0.26252159,0.95491803,0.17758621,0.40172414,0.42068966,0.24590164,0.10245902,0.46677741,0.25083056,0.28239203,0.05166802,850,1608,2458,"5570"
2010,"Evan MacLane","STL","AAA",27,147.2,0.29460581,1.13114754,0.20408163,0.42244898,0.37346939,0.17486339,0.1147541,0.42345924,0.28429423,0.29224652,0.08726753,684,1413,2097,"5576"
2014,"Arnold Leon","OAK","AAA",25,145,0.35665914,1.23376623,0.23725055,0.42128603,0.34146341,0.22727273,0.07792208,0.41758242,0.23956044,0.34285714,0.09417398,967,1539,2506,"5595"
2014,"Jason Berken","SFG","AAA",30,132,0.3411215,1.11949686,0.22170901,0.41108545,0.36720554,0.1509434,0.08176101,0.45351474,0.28571429,0.26077098,0.07533589,777,1307,2084,"5673"
2013,"Jason Berken","CHW","AAA",29,161,0.31075697,1.19786096,0.18452381,0.44444444,0.37103175,0.23529412,0.0802139,0.47674419,0.20930233,0.31395349,0.0976801,879,1578,2457,"5673"
2012,"Jason Berken","BAL","AAA",28,144,0.32397408,1.2125,0.22538293,0.42450766,0.35010941,0.2125,0.0625,0.5243129,0.21775899,0.25792812,0.09780702,824,1456,2280,"5673"
2012,"Greg Reynolds","TEX","AAA",26,163,0.32235702,1.46666667,0.17918089,0.48805461,0.33276451,0.15384615,0.11282051,0.44833333,0.25666667,0.295,0.05677729,904,1597,2501,"5712"
2013,"Greg Reynolds","CIN","AAA",27,156.1,0.27254098,2.19834711,0.20206186,0.54845361,0.24948454,0.07438017,0.04958678,0.46153846,0.24291498,0.29554656,0.06533575,783,1421,2204,"5712"
2010,"Radhames Liz","SDP","AAA",26,123,0.30681818,0.90506329,0.18428184,0.38753388,0.42818428,0.20253165,0.12658228,0.4516129,0.27150538,0.27688172,0.11269036,706,1264,1970,"5843"
2010,"Pat Misch","NYM","AAA",28,150.2,0.29018789,1.75182482,0.20964361,0.50314465,0.28721174,0.15328467,0.08029197,0.52965235,0.23312883,0.23721881,0.0750113,745,1468,2213,"5909"
2011,"Pat Misch","NYM","AAA",29,141.2,0.28181818,1.43421053,0.17225951,0.48769575,0.34004474,0.18421053,0.11842105,0.49563319,0.22489083,0.27947598,0.07631456,780,1369,2149,"5909"
2010,"Chris George","BAL","AAA",30,124.1,0.29973475,1.22222222,0.20634921,0.43650794,0.35714286,0.22222222,0.11851852,0.48081841,0.23529412,0.28388747,0.09297725,670,1352,2022,"601"
2011,"Chris George","BAL","AAA",31,131,0.31026253,1.2147651,0.22169811,0.42688679,0.35141509,0.23489933,0.08724832,0.46666667,0.22758621,0.30574713,0.06960557,822,1333,2155,"601"
2010,"Matt Chico","WSN","AAA",27,115.2,0.28723404,1.01324503,0.19148936,0.40691489,0.40159574,0.2384106,0.0794702,0.46134021,0.23453608,0.30412371,0.07502738,665,1161,1826,"6068"
2016,"Joe Wieland","SEA","AAA",26,124.1,0.36387435,1.18439716,0.20618557,0.43041237,0.36340206,0.14893617,0.10638298,0.44080605,0.26196474,0.29722922,0.08149171,762,1410,2172,"6109"
2011,"John Ely","LAD","AAA",25,144.1,0.32640333,1.2716763,0.19135802,0.4526749,0.35596708,0.11560694,0.12138728,0.51689861,0.24055666,0.24254473,0.10818966,859,1461,2320,"6132"
2012,"John Ely","LAD","AAA",26,168.2,0.2875817,1.52631579,0.16157205,0.50655022,0.33187773,0.17763158,0.11842105,0.50733753,0.23060797,0.26205451,0.14325178,877,1657,2534,"6132"
2014,"Aaron Laffey","WSN","AAA",29,147,0.30879346,1.62337662,0.16701031,0.51546392,0.31752577,0.14285714,0.05194805,0.47474747,0.25252525,0.27272727,0.06587915,760,1441,2201,"6248"
2010,"Jason Hirsh","NYY","AAA",28,122.1,0.24216524,0.69714286,0.17039106,0.34078212,0.48882682,0.22857143,0.09714286,0.40054496,0.24250681,0.35694823,0.1047041,703,1274,1977,"6293"
2011,"Jeff Suppan","KCR","AAA",36,165.2,0.29798903,1.63095238,0.19782214,0.49727768,0.30490018,0.14285714,0.13690476,0.51142355,0.25483304,0.23374341,0.06858494,963,1574,2537,"633"
2013,"Ryan Feierabend","TEX","AAA",27,120.1,0.31134565,1.3828125,0.18010753,0.47580645,0.34408602,0.2734375,0.078125,0.4987013,0.21038961,0.29090909,0.09319196,628,1164,1792,"6336"
2014,"Ryan Feierabend","TEX","AAA",28,125,0.3163017,1.10759494,0.19951923,0.42067308,0.37980769,0.2278481,0.11392405,0.44988345,0.25874126,0.29137529,0.08729339,687,1249,1936,"6336"
2011,"Ryan Feierabend","PHI","AAA",25,132,0.30434783,1.16666667,0.2206235,0.41966427,0.35971223,0.17333333,0.13333333,0.51501155,0.20554273,0.27944573,0.09307992,723,1329,2052,"6336"
2012,"Chris Archer","TBR","AAA",23,128,0.29337539,1.59375,0.21943574,0.47962382,0.30094044,0.28125,0.0625,0.45510836,0.25077399,0.29411765,0.11571842,836,1238,2074,"6345"
2013,"Jake Odorizzi","TBR","AAA",23,124.1,0.28164557,0.82089552,0.2327044,0.34591195,0.42138365,0.18656716,0.08955224,0.38297872,0.27051672,0.34650456,0.10847939,784,1327,2111,"6397"
2011,"Tom Koehler","FLA","AAA",25,150.1,0.28251121,0.95263158,0.17738359,0.40133038,0.42128603,0.23157895,0.09473684,0.44827586,0.24568966,0.30603448,0.0844848,1010,1523,2533,"6570"
2012,"Tom Koehler","MIA","AAA",26,151,0.3173516,1.13450292,0.15313225,0.45011601,0.39675174,0.18128655,0.0877193,0.40707965,0.26548673,0.32743363,0.09489917,916,1613,2529,"6570"
2017,"Anthony Vasquez","DET","AAA",30,133,0.29016787,1.04242424,0.20518868,0.40566038,0.38915094,0.18787879,0.07878788,0.46261682,0.26869159,0.26869159,0.08144378,789,1372,2161,"6577"
2010,"Carlos Carrasco","CLE","AAA",23,150.1,0.29146919,1.43065693,0.2052506,0.46778043,0.32696897,0.18978102,0.11678832,0.5,0.25688073,0.24311927,0.10126582,797,1415,2212,"6632"
2010,"Shairon Martis","WSN","AAA",23,152,0.29338843,0.89447236,0.2194617,0.36853002,0.41200828,0.18592965,0.07035176,0.44153226,0.27822581,0.28024194,0.08137652,926,1544,2470,"6781"
2011,"Julio Teheran","ATL","AAA",20,144.2,0.28780488,1,0.20588235,0.39705882,0.39705882,0.22839506,0.0308642,0.43614458,0.22409639,0.33975904,0.10704961,803,1495,2298,"6797"
2012,"Julio Teheran","ATL","AAA",21,131,0.31761787,0.82872928,0.19854722,0.36319613,0.43825666,0.25414365,0.09944751,0.41428571,0.28809524,0.29761905,0.07597173,841,1423,2264,"6797"
2012,"Martin Perez","TEX","AAA",21,127,0.27654321,1.36734694,0.13432836,0.5,0.36567164,0.14965986,0.06802721,0.43236715,0.23429952,0.33333333,0.07397692,736,1170,1906,"6902"
2010,"Kevin Mulvey","ARI","AAA",25,156.2,0.30487805,1.88059701,0.20901639,0.51639344,0.27459016,0.21641791,0.08208955,0.418,0.22,0.362,0.07944112,921,1584,2505,"6947"
2013,"Yohan Pino","CIN","AAA",29,121.1,0.29971989,0.81290323,0.2150838,0.35195531,0.43296089,0.17419355,0.04516129,0.39452055,0.29315068,0.31232877,0.09164969,671,1293,1964,"6955"
2010,"Yohan Pino","CLE","AAA",26,145.2,0.32188841,0.7920354,0.20275591,0.3523622,0.44488189,0.24778761,0.11061947,0.45576923,0.28653846,0.25769231,0.09237421,861,1683,2544,"6955"
2010,"Brandon Dickson","STL","AAA",25,167,0.33072407,1.88028169,0.19009901,0.52871287,0.28118812,0.18309859,0.07746479,0.47036329,0.21032505,0.31931166,0.09399376,966,1598,2564,"6979"
2011,"Brandon Dickson","STL","AAA",26,157.1,0.31012658,1.71523179,0.14937759,0.5373444,0.31327801,0.13907285,0.14569536,0.48289738,0.25754527,0.25955734,0.09562261,801,1552,2353,"6979"
2012,"Brandon Dickson","STL","AAA",27,141.1,0.30248307,1.48026316,0.14705882,0.50904977,0.3438914,0.11184211,0.11184211,0.54248366,0.19389978,0.26361656,0.08505408,684,1350,2034,"6979"
2011,"Alex Torres","TBR","AAA",23,146.1,0.33072917,1.48305085,0.22281167,0.46419098,0.31299735,0.21186441,0.05932203,0.45384615,0.23076923,0.31538462,0.13116727,995,1498,2493,"7038"
2015,"John Lannan","COL","AAA",30,152,0.35547576,1.93006993,0.22407407,0.51111111,0.26481481,0.17482517,0.07692308,0.47330961,0.25800712,0.26868327,0.07295762,794,1495,2289,"7080"
2016,"John Lannan","KCR","AAA",31,132.1,0.31789474,1.51655629,0.20668058,0.47807933,0.31524008,0.20529801,0.09933775,0.46435845,0.22403259,0.31160896,0.0540153,768,1324,2092,"7080"
2012,"John Lannan","WSN","AAA",27,148.2,0.30390144,2.15079365,0.18647541,0.55532787,0.25819672,0.12698413,0.12698413,0.47609562,0.22908367,0.29482072,0.07308216,810,1393,2203,"7080"
2011,"Craig Stammen","WSN","AAA",27,142,0.3372093,1.86507937,0.17391304,0.53775744,0.28832952,0.15873016,0.14285714,0.51116071,0.24776786,0.24107143,0.11710526,832,1448,2280,"7274"
2011,"Matt Fox","BOS","AAA",28,129.2,0.25993884,0.95804196,0.1884058,0.39710145,0.41449275,0.1958042,0.15384615,0.43266476,0.24355301,0.32378223,0.11864407,821,1303,2124,"7320"
2010,"Matt Fox","MIN","AAA",27,123,0.30311615,0.78616352,0.22191781,0.34246575,0.43561644,0.16981132,0.10691824,0.38648649,0.27837838,0.33513514,0.09986194,857,1316,2173,"7320"
2010,"Dillon Gee","NYM","AAA",24,161.1,0.33186813,1.18285714,0.18376068,0.44230769,0.37393162,0.21714286,0.13142857,0.48637317,0.22222222,0.29140461,0.12967201,926,1696,2622,"7396"
2013,"Zach Stewart","CHW","AAA",26,167.1,0.32509506,1.41477273,0.19811321,0.46981132,0.33207547,0.1875,0.09090909,0.47592593,0.26296296,0.26111111,0.09984277,883,1661,2544,"7397"
2010,"Jay Jackson","CHC","AAA",22,157.1,0.27824268,0.79245283,0.21161826,0.34854772,0.43983402,0.26886792,0.09433962,0.40643863,0.26961771,0.32394366,0.09031199,868,1568,2436,"7432"
2011,"Jay Jackson","CHC","AAA",23,146.2,0.34205231,1.07446809,0.20081967,0.41393443,0.3852459,0.23404255,0.05319149,0.42772277,0.27920792,0.29306931,0.08433735,844,1480,2324,"7432"
2010,"Jeff Marquez","CHW","AAA",25,144.2,0.31196581,1.35897436,0.21868365,0.45010616,0.33121019,0.23076923,0.08974359,0.51975052,0.21829522,0.26195426,0.08839529,820,1386,2206,"7456"
2011,"Tommy Layne","ARI","AAA",26,121.2,0.31529412,2.11428571,0.23058824,0.52235294,0.24705882,0.2,0.13333333,0.44191344,0.21412301,0.34396355,0.06090864,840,1163,2003,"7501"
2011,"Luke French","SEA","AAA",25,146.1,0.3254902,0.75,0.21333333,0.33714286,0.44952381,0.24576271,0.12711864,0.49444444,0.20925926,0.2962963,0.08102844,974,1593,2567,"7529"
2010,"Lucas Harrell","CHW","AAA",25,137.2,0.29478458,1.84166667,0.22675737,0.50113379,0.27210884,0.21666667,0.09166667,0.41814159,0.25884956,0.32300885,0.0669208,932,1429,2361,"7541"
2014,"Jarrett Grube","LAA","AAA",32,147.1,0.31011236,0.77941176,0.21598272,0.34341253,0.44060475,0.21568627,0.12745098,0.45435244,0.27388535,0.27176221,0.10927835,931,1494,2425,"7553"
2012,"Colt Hynes","SDP","AAA",27,126.2,0.38494624,1.65151515,0.23913043,0.47391304,0.28695652,0.13636364,0.08333333,0.43186583,0.28721174,0.28092243,0.07556936,661,1271,1932,"7560"
2011,"Tommy Milone","WSN","AAA",24,148.1,0.31449631,1.01226994,0.2,0.40243902,0.39756098,0.22699387,0.05521472,0.47002398,0.25419664,0.27577938,0.12052731,685,1439,2124,"7608"
2010,"Carlos Torres","CHW","AAA",27,160.1,0.25629291,1.3557047,0.1875,0.46759259,0.34490741,0.2147651,0.08724832,0.4375,0.24107143,0.32142857,0.08995563,939,1540,2479,"7624"
2010,"Chad Reineke","CIN","AAA",28,131.1,0.2902439,0.88304094,0.22966507,0.36124402,0.40909091,0.15204678,0.0994152,0.44600939,0.25586854,0.29812207,0.06683168,748,1272,2020,"7641"
2011,"Chad Reineke","CIN","AAA",29,126.2,0.30588235,0.86931818,0.21852732,0.36342043,0.41805226,0.1875,0.07386364,0.39678899,0.28440367,0.31880734,0.06128405,740,1316,2056,"7641"
2012,"Chad Reineke","CIN","AAA",30,151.2,0.32443532,0.8817734,0.21237113,0.36907216,0.4185567,0.19211823,0.07881773,0.43737575,0.2445328,0.31809145,0.07221784,962,1572,2534,"7641"
2013,"Chad Reineke","CIN","AAA",31,130,0.29425837,1.04848485,0.21395349,0.40232558,0.38372093,0.18181818,0.11515152,0.39269406,0.28310502,0.32420091,0.08892128,758,1300,2058,"7641"
2016,"Chris Leroux","TOR","AAA",32,140.1,0.30630631,1.58088235,0.21651786,0.47991071,0.30357143,0.19852941,0.09558824,0.49563319,0.25764192,0.24672489,0.09291472,902,1455,2357,"7645"
2017,"Wilfredo Boscan","NYM","AAA",27,125.2,0.35874439,1.77868852,0.22068966,0.49885057,0.28045977,0.1557377,0.09016393,0.47912088,0.23516484,0.28571429,0.06660542,817,1360,2177,"7655"
2015,"Wilfredo Boscan","PIT","AAA",25,126,0.31280788,1.62068966,0.22250639,0.48081841,0.29667519,0.24137931,0.02586207,0.43243243,0.21867322,0.34889435,0.06539379,797,1298,2095,"7655"
2015,"David Holmberg","CIN","AAA",23,120.1,0.32160804,1.31343284,0.22885572,0.43781095,0.33333333,0.17910448,0.10447761,0.50366748,0.25672372,0.2396088,0.07230769,744,1206,1950,"7725"
2012,"Wily Peralta","MIL","AAA",23,146.2,0.35108959,2.09433962,0.215311,0.53110048,0.25358852,0.19811321,0.08490566,0.45368171,0.2327791,0.31353919,0.09437019,994,1475,2469,"7738"
2013,"Chris Schwinden","NYM","AAA",26,146.1,0.33066132,0.98514851,0.21062992,0.39173228,0.3976378,0.24257426,0.11386139,0.44827586,0.25862069,0.29310345,0.07133812,850,1519,2369,"7851"
2011,"Chris Schwinden","NYM","AAA",24,145.2,0.30317848,0.74074074,0.19951338,0.3406326,0.45985401,0.2962963,0.07407407,0.38625592,0.27962085,0.33412322,0.10065735,853,1581,2434,"7851"
2017,"Andrew Albers","ATL","AAA",31,120.2,0.32664756,1.44954128,0.22157434,0.4606414,0.31778426,0.22018349,0.05504587,0.4028169,0.28169014,0.31549296,0.09044944,527,1253,1780,"7853"
2013,"Andrew Albers","MIN","AAA",27,132.1,0.29649596,0.96153846,0.18832891,0.39787798,0.4137931,0.21153846,0.08974359,0.42558747,0.28198433,0.2924282,0.07207661,640,1344,1984,"7853"
2016,"Andrew Albers","MIN","AAA",30,124.1,0.34567901,1.12413793,0.24509804,0.3995098,0.35539216,0.27586207,0.06896552,0.38498789,0.22033898,0.39467312,0.06936416,607,1296,1903,"7853"
2011,"Kyle Weiland","BOS","AAA",24,128.1,0.28994083,1.26190476,0.15178571,0.47321429,0.375,0.22222222,0.07936508,0.45086705,0.26011561,0.28901734,0.11034142,787,1234,2021,"7874"
2011,"Thad Weber","DET","AAA",26,151.1,0.31223629,1.54666667,0.22357724,0.47154472,0.30487805,0.20666667,0.18666667,0.52295409,0.23552894,0.24151697,0.08824725,886,1573,2459,"8036"
2012,"Thad Weber","DET","AAA",27,128.2,0.27720207,1.50381679,0.16751269,0.5,0.33248731,0.09923664,0.1221374,0.4775,0.255,0.2675,0.09373382,703,1228,1931,"8036"
2015,"Thad Weber","DET","AAA",30,161,0.2950495,1.45783133,0.20467836,0.47173489,0.32358674,0.1686747,0.11445783,0.47519084,0.28816794,0.23664122,0.07348643,865,1530,2395,"8036"
2016,"Thad Weber","DET","AAA",31,129.2,0.30717489,1.60769231,0.23476298,0.4717833,0.29345372,0.16923077,0.09230769,0.50547046,0.25820569,0.23632385,0.0630123,727,1225,1952,"8036"
2010,"Glen Perkins","MIN","AAA",27,124,0.35180723,1.18709677,0.18313253,0.44337349,0.37349398,0.25806452,0.09032258,0.37296037,0.25641026,0.37062937,0.08640777,683,1377,2060,"8041"
2012,"Stephen Fife","LAD","AAA",25,135.1,0.32214765,1.69291339,0.21917808,0.49086758,0.28995434,0.11811024,0.1023622,0.4967033,0.24395604,0.25934066,0.08782528,782,1370,2152,"8077"
2015,"Nick Greenwood","STL","AAA",27,129,0.32467532,1.34375,0.20212766,0.45744681,0.34042553,0.1375,0.1,0.45738046,0.25155925,0.29106029,0.07517577,625,1224,1849,"8182"
2013,"Steven Wright","BOS","AAA",28,135.1,0.29411765,1.67692308,0.15533981,0.52912621,0.31553398,0.26153846,0.07692308,0.42344498,0.27751196,0.29904306,0.09648733,873,1376,2249,"8185"
2015,"Paolo Espino","WSN","AAA",28,117.2,0.29344729,1.19047619,0.22033898,0.42372881,0.3559322,0.24603175,0.1031746,0.48219178,0.25479452,0.2630137,0.07405345,631,1165,1796,"8246"
2016,"Paolo Espino","WSN","AAA",29,152.2,0.29555556,1.29299363,0.20177384,0.45011086,0.3481153,0.17197452,0.08280255,0.46436285,0.24838013,0.28725702,0.09180188,819,1523,2342,"8246"
2012,"Sean Gallagher","CIN","AAA",26,139,0.27423168,1.3877551,0.18372093,0.4744186,0.34186047,0.14285714,0.12244898,0.430839,0.23356009,0.33560091,0.06231579,1013,1362,2375,"8261"
2011,"Sean Gallagher","PIT","AAA",25,132,0.29145729,1,0.22110553,0.38944724,0.38944724,0.18064516,0.09677419,0.45012165,0.25304136,0.29683698,0.08241252,885,1287,2172,"8261"
2010,"Casey Coleman","CHC","AAA",22,117.1,0.256,2.14141414,0.17287234,0.56382979,0.26329787,0.2020202,0.1010101,0.47395833,0.22135417,0.3046875,0.06157355,669,1085,1754,"8270"
2011,"Zach Jackson","TEX","AAA",28,152,0.31660232,1.57142857,0.17399618,0.50478011,0.32122371,0.1547619,0.125,0.44506518,0.22532588,0.32960894,0.06354659,886,1443,2329,"8356"
2012,"Zach Jackson","TEX","AAA",29,158.1,0.31180812,1.37055838,0.13837638,0.49815498,0.36346863,0.17766497,0.09137056,0.50447227,0.22898032,0.26654741,0.05977383,951,1525,2476,"8356"
2010,"Troy Patton","BAL","AAA",24,136,0.29452055,1,0.21016166,0.39491917,0.39491917,0.19883041,0.0877193,0.45934066,0.22417582,0.31648352,0.08238636,749,1363,2112,"8368"
2012,"Mitch Atkins","WSN","AAA",26,118.1,0.32095491,0.69354839,0.16,0.344,0.496,0.20430108,0.06451613,0.48320413,0.25322997,0.26356589,0.08012327,703,1244,1947,"8369"
2010,"Alfredo Figaro","DET","AAA",25,124,0.34933333,1.13669065,0.2016129,0.42473118,0.37365591,0.18705036,0.07913669,0.47028424,0.25322997,0.27648579,0.10936734,698,1341,2039,"8404"
2018,"Adam Wilk","CLE","AAA",30,164.2,0.29166667,1.05076142,0.21856867,0.40038685,0.38104449,0.18781726,0.11675127,0.45247148,0.26806084,0.27946768,0.09029968,941,1595,2536,"8421"
2014,"Adam Wilk","PIT","AAA",26,146.2,0.32173913,0.93814433,0.18614719,0.39393939,0.41991342,0.14948454,0.09278351,0.4697286,0.27974948,0.25052192,0.08507018,834,1517,2351,"8421"
2012,"Adam Wilk","DET","AAA",24,149.2,0.25821596,0.95321637,0.21040189,0.38534279,0.40425532,0.20467836,0.07602339,0.44772727,0.275,0.27727273,0.10244787,702,1504,2206,"8421"
2015,"Adam Wilk","LAA","AAA",27,145,0.35378323,1.20359281,0.24590164,0.41188525,0.34221311,0.20359281,0.09580838,0.41584158,0.31287129,0.27128713,0.09941028,852,1522,2374,"8421"
2014,"John Lamb","KCR","AAA",23,138.1,0.3033419,0.74509804,0.08717949,0.38974359,0.52307692,0.19117647,0.09313725,0.42542787,0.27628362,0.29828851,0.1030711,908,1469,2377,"8493"
2014,"Tyler Cloyd","CLE","AAA",27,166.2,0.30273438,1.0754717,0.16824197,0.43100189,0.40075614,0.1745283,0.12264151,0.47319778,0.21626617,0.31053604,0.08405683,830,1704,2534,"8536"
2012,"Tyler Cloyd","PHI","AAA",25,142,0.22580645,1.13414634,0.14215686,0.45588235,0.40196078,0.21341463,0.08536585,0.48915663,0.21686747,0.2939759,0.07490458,780,1316,2096,"8536"
2010,"Philip Humber","KCR","AAA",27,118.2,0.2961039,1.32352941,0.18346253,0.46511628,0.35142119,0.14705882,0.125,0.46882793,0.21695761,0.31421446,0.05515588,549,1119,1668,"8586"
2010,"Eric Hacker","SFG","AAA",27,165.2,0.31496063,1.39393939,0.22851563,0.44921875,0.32226563,0.18787879,0.12727273,0.45075758,0.25378788,0.29545455,0.07913139,1075,1642,2717,"8743"
2012,"Eric Hacker","SFG","AAA",29,150.1,0.29912664,1.23870968,0.24400871,0.41830065,0.33769063,0.25806452,0.07741935,0.46595745,0.22765957,0.30638298,0.080771,798,1381,2179,"8743"
2011,"Eric Hacker","MIN","AAA",28,135.2,0.32648402,1.15060241,0.203125,0.42633929,0.37053571,0.25301205,0.10843373,0.48791209,0.23956044,0.27252747,0.08005193,868,1443,2311,"8743"
2012,"Tanner Roark","WSN","AAA",25,147.2,0.33182844,1.25827815,0.225,0.43181818,0.34318182,0.21854305,0.09271523,0.42951542,0.29295154,0.27753304,0.08291246,887,1489,2376,"8753"
2011,"Elih Villanueva","FLA","AAA",24,165,0.32527881,0.9106383,0.17915905,0.39122486,0.42961609,0.16595745,0.10212766,0.41814947,0.27046263,0.3113879,0.09471624,955,1600,2555,"8796"
2012,"Elih Villanueva","MIA","AAA",25,113,0.30965909,0.94039735,0.16761364,0.40340909,0.42897727,0.2781457,0.07284768,0.41160221,0.23480663,0.35359116,0.0929593,676,1142,1818,"8796"
2014,"Elih Villanueva","MIA","AAA",27,137,0.30373832,0.93854749,0.19489559,0.38979118,0.41531323,0.20111732,0.10055866,0.41176471,0.30316742,0.28506787,0.09586706,901,1446,2347,"8796"
2013,"Kris Johnson","PIT","AAA",28,135.2,0.27295285,2.21875,0.21969697,0.53787879,0.24242424,0.25,0.0625,0.46305419,0.2044335,0.33251232,0.09772617,786,1281,2067,"886"
2010,"Kris Johnson","BOS","AAA",25,132.2,0.30925508,1.13496933,0.21973094,0.41479821,0.36547085,0.20858896,0.09202454,0.44104803,0.23799127,0.3209607,0.07850134,865,1377,2242,"886"
2014,"Kris Johnson","MIN","AAA",29,132,0.27506427,1.76363636,0.20418848,0.5078534,0.28795812,0.22727273,0.07272727,0.47979798,0.21464646,0.30555556,0.08793738,863,1309,2172,"886"
2011,"Scott Carroll","CIN","AAA",26,145.1,0.34455446,2.30578512,0.21568627,0.54705882,0.2372549,0.1322314,0.09917355,0.50097087,0.24271845,0.25631068,0.0789355,806,1411,2217,"888"
2017,"David Martinez","HOU","AAA",29,136.1,0.29736211,1.20645161,0.19906323,0.43793911,0.36299766,0.2516129,0.12258065,0.4587156,0.24082569,0.30045872,0.10497238,782,1390,2172,"8893"
2016,"Cesar Valdez","HOU","AAA",31,138.1,0.3253012,1.95726496,0.17422434,0.54653938,0.27923628,0.11111111,0.06837607,0.507109,0.21090047,0.28199052,0.13644116,504,1255,1759,"9013"
2011,"Adam Warren","NYY","AAA",23,152.1,0.28387097,0.93717277,0.21108742,0.38166311,0.40724947,0.19371728,0.06806283,0.42050209,0.23012552,0.34937238,0.08581645,988,1529,2517,"9029"
2012,"Adam Warren","NYY","AAA",24,152.2,0.3190184,1.43113772,0.17979798,0.48282828,0.33737374,0.21556886,0.06586826,0.43,0.248,0.322,0.0794702,970,1597,2567,"9029"
2010,"Jeanmar Gomez","CLE","AAA",22,116,0.30790191,1.13986014,0.17962466,0.43699732,0.38337802,0.16083916,0.11188811,0.50260417,0.2421875,0.25520833,0.07529162,745,1141,1886,"9033"
2011,"Jeanmar Gomez","CLE","AAA",23,137.2,0.2875,1.49612403,0.18274112,0.48984772,0.32741117,0.20930233,0.0620155,0.4754902,0.23039216,0.29411765,0.08547839,792,1267,2059,"9033"
2012,"Brad Hand","MIA","AAA",22,148.1,0.28860759,1.12582781,0.19950125,0.42394015,0.3765586,0.16556291,0.09933775,0.43520782,0.24938875,0.31540342,0.10247064,1004,1465,2469,"9111"
2017,"TJ House","TOR","AAA",27,133.1,0.33253012,1.72881356,0.22222222,0.49275362,0.28502415,0.1779661,0.09322034,0.42688679,0.24292453,0.33018868,0.09314587,887,1389,2276,"9121"
2013,"TJ House","CLE","AAA",23,141.2,0.33777778,1.952,0.17078652,0.54831461,0.28089888,0.136,0.088,0.4326087,0.23043478,0.33695652,0.10217114,877,1472,2349,"9121"
2012,"Charlie Leesman","CHW","AAA",25,135,0.30099502,1.75213675,0.18481013,0.51898734,0.29620253,0.15384615,0.06837607,0.45873786,0.18932039,0.35194175,0.08998145,850,1306,2156,"9124"
2014,"Sean O'Sullivan","PHI","AAA",26,148.2,0.29211087,1.08602151,0.18658281,0.42348008,0.38993711,0.18817204,0.09139785,0.42386831,0.24897119,0.32716049,0.07741935,871,1454,2325,"9137"
2015,"Tim Melville","DET","AAA",25,151.2,0.2737069,0.89583333,0.21888412,0.36909871,0.41201717,0.1875,0.07291667,0.42767296,0.2557652,0.31656184,0.08454106,947,1537,2484,"9149"
2012,"Ryan Verdugo","KCR","AAA",25,136.2,0.25469169,0.71428571,0.15625,0.3515625,0.4921875,0.22222222,0.1005291,0.43734015,0.23273657,0.32992327,0.1033275,908,1376,2284,"9154"
2012,"Charles Brewer","ARI","AAA",24,133.2,0.34474886,1.13939394,0.21380846,0.41870824,0.3674833,0.16969697,0.15757576,0.43722944,0.25974026,0.3030303,0.07927928,773,1447,2220,"9155"
2013,"Charles Brewer","ARI","AAA",25,139.2,0.33410138,1.57664234,0.18475751,0.49884527,0.31639723,0.18978102,0.09489051,0.39910314,0.26233184,0.33856502,0.07462687,856,1489,2345,"9155"
2014,"Charles Brewer","ARI","AAA",26,126.1,0.34,1.45238095,0.23134328,0.45522388,0.31343284,0.19047619,0.07936508,0.36764706,0.22794118,0.40441176,0.06845966,717,1328,2045,"9155"
2010,"Alan Johnson","COL","AAA",26,141.2,0.36842105,1.37579618,0.21802935,0.45283019,0.32914046,0.17197452,0.08917197,0.43558282,0.23517382,0.32924335,0.06560986,819,1452,2271,"917"
2011,"Alan Johnson","COL","AAA",27,132,0.39915074,1.4875,0.14775161,0.50963597,0.34261242,0.15625,0.08125,0.47204969,0.23188406,0.29606625,0.07263815,867,1377,2244,"917"
2018,"Casey Kelly","SFG","AAA",28,136,0.32535885,1.06547619,0.19302326,0.41627907,0.39069767,0.20833333,0.11309524,0.44036697,0.25688073,0.30275229,0.08060905,758,1475,2233,"9174"
2014,"Kyle Lobstein","DET","AAA",24,146,0.35964912,1.36075949,0.172949,0.4767184,0.35033259,0.14556962,0.06329114,0.35974304,0.28907923,0.35117773,0.0943473,908,1551,2459,"9178"
2019,"Daniel Corcino","LAD","AAA",28,119.1,0.2652439,0.82165605,0.16860465,0.375,0.45639535,0.19745223,0.15923567,0.48857143,0.26857143,0.24285714,0.11171527,798,1225,2023,"9266"
2013,"Daniel Corcino","CIN","AAA",22,129,0.30769231,0.96875,0.23728814,0.37530266,0.3874092,0.21875,0.10625,0.46666667,0.2547619,0.27857143,0.07524059,935,1351,2286,"9266"
2012,"Rob Scahill","COL","AAA",25,152,0.35520362,1.45394737,0.13053613,0.51515152,0.35431235,0.11184211,0.07236842,0.43046358,0.28476821,0.28476821,0.10300752,1053,1607,2660,"9286"
2016,"Dylan Axelrod","MIA","AAA",30,133.1,0.30310263,1.04968944,0.21800948,0.40047393,0.38151659,0.24223602,0.08074534,0.48036952,0.27482679,0.2448037,0.08273894,800,1303,2103,"9303"
2015,"Mike Belfiore","DET","AAA",26,123.2,0.31463415,0.98757764,0.2195122,0.38780488,0.39268293,0.17391304,0.08695652,0.44047619,0.27380952,0.28571429,0.0726257,763,1206,1969,"9324"
2010,"Michael Crotta","PIT","AAA",25,131.1,0.34802784,2.45454545,0.20093458,0.56775701,0.23130841,0.14141414,0.1010101,0.47954545,0.20454545,0.31590909,0.07952872,740,1297,2037,"9337"
2010,"Bryan Augenstein","ARI","AAA",23,120.2,0.37220844,1.36296296,0.20646766,0.45771144,0.3358209,0.18518519,0.08888889,0.4622871,0.27250608,0.26520681,0.0993184,716,1338,2054,"936"
2016,"Hiram Burgos","MIL","AAA",28,143.1,0.33487298,1,0.16129032,0.41935484,0.41935484,0.17032967,0.06593407,0.48984199,0.24153499,0.26862302,0.07725322,868,1462,2330,"9412"
2015,"Barry Zito","OAK","AAA",37,138,0.26179245,0.83870968,0.19339623,0.36792453,0.43867925,0.24193548,0.05376344,0.46189376,0.26558891,0.27251732,0.07208388,929,1360,2289,"944"
2015,"Dan Straily","HOU","AAA",26,122.2,0.35638298,0.79874214,0.25906736,0.32901554,0.4119171,0.26415094,0.08176101,0.42930591,0.24935733,0.32133676,0.13130818,669,1372,2041,"9460"
2010,"Drew Carpenter","PHI","AAA",25,151,0.29515419,1.02906977,0.23632385,0.38730853,0.37636761,0.1627907,0.10465116,0.46794872,0.26495726,0.26709402,0.09371043,871,1498,2369,"9533"
2011,"Brandon Duckworth","BOS","AAA",35,118,0.29310345,1.04895105,0.17231638,0.42372881,0.4039548,0.18181818,0.07692308,0.42977528,0.26966292,0.3005618,0.08328995,759,1162,1921,"954"
2015,"Randy Wolf","TOR","AAA",38,139.2,0.32374101,1.39694656,0.23600973,0.44525547,0.31873479,0.2519084,0.03053435,0.41288783,0.28162291,0.30548926,0.07702826,793,1401,2194,"976"
2010,"Chaz Roe","COL","AAA",23,158,0.36090226,1.49132948,0.1928839,0.48314607,0.32397004,0.12138728,0.10404624,0.4571949,0.27322404,0.26958106,0.07831562,972,1569,2541,"9866"
2010,"Michael Kirkman","TEX","AAA",23,131,0.29558011,0.98611111,0.20334262,0.39554318,0.40111421,0.20833333,0.05555556,0.35772358,0.31436314,0.32791328,0.10894597,910,1348,2258,"9877"
2010,"Lance Broadway","TOR","AAA",26,141,0.36016097,1.59602649,0.21285141,0.48393574,0.30321285,0.16556291,0.10596026,0.49023438,0.23632813,0.2734375,0.08554217,1022,1468,2490,"9885"
2012,"Garrett Olson","NYM","AAA",28,122.1,0.32360743,1.20149254,0.20698925,0.4327957,0.36021505,0.20895522,0.08208955,0.41752577,0.28608247,0.29639175,0.0887372,753,1298,2051,"9889"
2012,"Chris Rusin","CHC","AAA",25,140.1,0.29119639,1.64028777,0.17342342,0.51351351,0.31306306,0.1294964,0.12230216,0.46637744,0.24511931,0.28850325,0.08711271,842,1385,2227,"9895"
2013,"Chris Rusin","CHC","AAA",26,121,0.27202073,1.56302521,0.19947507,0.48818898,0.31233596,0.18487395,0.06722689,0.45477387,0.26884422,0.27638191,0.08493976,576,1084,1660,"9895"
2014,"Chris Rusin","CHC","AAA",27,146.1,0.31965443,1.82089552,0.17647059,0.53159041,0.291939,0.17164179,0.1119403,0.4539749,0.24895397,0.29707113,0.08388626,735,1375,2110,"9895"
2015,"Chris Volstad","PIT","AAA",28,155.2,0.31013917,2.25619835,0.2040404,0.55151515,0.24444444,0.14049587,0.02479339,0.47222222,0.23015873,0.29761905,0.06228814,877,1483,2360,"9901"
2016,"Chris Volstad","CHW","AAA",29,176.2,0.29697987,2.12820513,0.19205298,0.54966887,0.25827815,0.16666667,0.1025641,0.5130719,0.23039216,0.25653595,0.06192308,937,1663,2600,"9901"
2017,"Chris Volstad","CHW","AAA",30,118,0.36519608,1.97115385,0.22942643,0.51122195,0.25935162,0.13461538,0.11538462,0.42926829,0.26097561,0.3097561,0.07175141,652,1118,1770,"9901"
2013,"Chris Volstad","COL","AAA",26,127.2,0.32286996,1.83088235,0.13092551,0.56207675,0.30699774,0.11029412,0.08823529,0.45633188,0.23580786,0.30786026,0.05453644,783,1234,2017,"9901"
2010,"Matt Maloney","CIN","AAA",26,134.2,0.3,1.19727891,0.19451372,0.43890274,0.36658354,0.2585034,0.06122449,0.47826087,0.26570048,0.25603865,0.0893961,741,1362,2103,"9920"
2010,"Todd Redmond","ATL","AAA",25,162.2,0.2866242,0.8,0.19875776,0.35610766,0.44513458,0.1627907,0.09767442,0.43877551,0.25306122,0.30816327,0.08452292,907,1755,2662,"9943"
2011,"Todd Redmond","ATL","AAA",26,169.2,0.28033473,0.77876106,0.17453799,0.3613963,0.46406571,0.19911504,0.07964602,0.38276553,0.25651303,0.36072144,0.09790462,996,1772,2768,"9943"
2010,"Ryan Ketchner","DET","AAA",28,123.2,0.27792916,0.77192982,0.192,0.352,0.456,0.23976608,0.11695906,0.43701799,0.27763496,0.28534704,0.07438842,738,1265,2003,"sa199599"
2010,"Brian Mazone","PHI","AAA",33,165,0.28810409,0.88073394,0.23791822,0.35687732,0.40520446,0.30275229,0.08715596,0.45421903,0.25852783,0.28725314,0.06520859,842,1627,2469,"sa209900"
2010,"Josh Muecke","COL","AAA",28,119.2,0.34683544,1.43307087,0.22166247,0.45843829,0.31989924,0.18110236,0.1023622,0.5122549,0.22794118,0.25980392,0.07215992,788,1263,2051,"sa226123"
2012,"Bear Bay","SDP","AAA",28,116.2,0.32901554,1.51219512,0.20769231,0.47692308,0.31538462,0.12195122,0.09756098,0.4559194,0.27455919,0.26952141,0.08629738,621,1094,1715,"sa226381"
2011,"Bear Bay","LAA","AAA",27,159.2,0.34205607,1.49710983,0.20295203,0.47785978,0.31918819,0.1849711,0.13872832,0.50358423,0.22939068,0.26702509,0.07586764,932,1546,2478,"sa226381"
2010,"Richard De Los Santos","TBR","AAA",26,148.1,0.31223629,1.80769231,0.21336207,0.50646552,0.28017241,0.20769231,0.04615385,0.44467641,0.25887265,0.29645094,0.08410392,865,1406,2271,"sa244191"
2010,"Matt Yourkin","SFG","AAA",28,136,0.31884058,0.70680628,0.22009569,0.32296651,0.4569378,0.21989529,0.07329843,0.38694639,0.27972028,0.33333333,0.10666046,737,1410,2147,"sa245874"
2011,"Matt Yourkin","SFG","AAA",29,167,0.32277228,0.68776371,0.2202729,0.31773879,0.4619883,0.24472574,0.10126582,0.44990548,0.27977316,0.27032136,0.09651669,1025,1731,2756,"sa245874"
2010,"Matt Zaleski","CHW","AAA",28,139.1,0.26682135,1.04733728,0.21363636,0.40227273,0.38409091,0.24260355,0.13609467,0.46238938,0.26769912,0.2699115,0.07372654,877,1361,2238,"sa253571"
2012,"Matt Zaleski","CHW","AAA",30,129,0.30050505,1.18791946,0.18703242,0.44139651,0.37157107,0.16107383,0.08053691,0.49512195,0.24390244,0.26097561,0.07260407,799,1267,2066,"sa253571"
2010,"Andrew Baldwin","SEA","AAA",27,117.2,0.31701031,1.07638889,0.21108179,0.40897098,0.37994723,0.24305556,0.09027778,0.425,0.2525,0.3225,0.09624413,597,1107,1704,"sa253988"
2011,"Andrew Baldwin","MIN","AAA",28,143.2,0.28733032,0.67400881,0.18103448,0.32974138,0.48922414,0.21145374,0.14537445,0.46835443,0.26793249,0.26371308,0.09175162,747,1411,2158,"sa253988"
2014,"Derek Hankins","DET","AAA",30,152,0.32037037,0.98122066,0.2285192,0.3820841,0.38939671,0.17370892,0.07511737,0.48201439,0.25539568,0.26258993,0.07711757,858,1515,2373,"sa254024"
2010,"J.R. Mathes","CHC","AAA",28,129,0.30905077,1.65248227,0.18161926,0.50984683,0.30853392,0.17021277,0.12765957,0.45842217,0.26652452,0.2750533,0.05778003,684,1289,1973,"sa254188"
2011,"Andrew Kown","SFG","AAA",28,136.2,0.2995283,0.92485549,0.20334928,0.38277512,0.4138756,0.17919075,0.0867052,0.41609195,0.25517241,0.32873563,0.07692308,887,1427,2314,"sa254314"
2012,"Andrew Kown","SFG","AAA",29,119,0.30693069,1.11409396,0.22604423,0.40786241,0.36609337,0.16107383,0.09395973,0.43645084,0.24460432,0.31894484,0.062468,770,1183,1953,"sa254314"
2010,"Gaby Hernandez","KCR","AAA",24,144.2,0.26277372,0.69268293,0.20412844,0.32568807,0.47018349,0.23902439,0.15121951,0.44444444,0.22675737,0.32879819,0.08846154,869,1471,2340,"sa254327"
2010,"Chuck Lofgren","MIL","AAA",24,131.2,0.29382716,0.89285714,0.22815534,0.36407767,0.40776699,0.22619048,0.14285714,0.43457944,0.31308411,0.25233645,0.08235294,914,1296,2210,"sa262158"
2011,"Will Inman","SDP","AAA",24,117,0.35549133,0.95541401,0.12784091,0.42613636,0.44602273,0.18471338,0.10191083,0.42936288,0.23545706,0.33518006,0.08128193,797,1356,2153,"sa290185"
2012,"Matt Torra","TBR","AAA",28,147,0.2611465,0.78111588,0.18145957,0.35897436,0.45956607,0.22746781,0.10729614,0.48832685,0.23151751,0.28015564,0.07773852,764,1500,2264,"sa291167"
2010,"Matt Torra","ARI","AAA",26,178,0.33060556,1.14035088,0.20521173,0.42345277,0.3713355,0.21052632,0.09649123,0.4549763,0.2385466,0.30647709,0.08047292,857,1765,2622,"sa291167"
2010,"Polin Trinidad","HOU","AAA",25,118.1,0.3195122,0.72916667,0.17206983,0.34912718,0.47880299,0.23958333,0.06770833,0.43364929,0.2464455,0.31990521,0.07171315,715,1293,2008,"sa294382"
2013,"Omar Poveda","ATL","AAA",25,164,0.29218107,1.46153846,0.2033195,0.47302905,0.32365145,0.24358974,0.07692308,0.51703407,0.22244489,0.26052104,0.11603701,958,1636,2594,"sa294843"
2011,"Amaury Rivas","MIL","AAA",25,150.2,0.29148936,1.09770115,0.22008547,0.40811966,0.37179487,0.24137931,0.08045977,0.44834711,0.26239669,0.2892562,0.08697303,1107,1526,2633,"sa295179"
2012,"Lance Pendleton","TBR","AAA",28,129,0.3125,0.63212435,0.22222222,0.30123457,0.47654321,0.27979275,0.07253886,0.42372881,0.24697337,0.32929782,0.09054054,794,1426,2220,"sa3000113"
2010,"L.J. Gagnier","DET","AAA",25,120.2,0.26740947,0.71186441,0.16528926,0.34710744,0.48760331,0.24858757,0.08474576,0.51871658,0.23262032,0.2486631,0.0938446,734,1248,1982,"sa327100"
2010,"Ben Jukich","CIN","AAA",27,115.1,0.3030303,1.64583333,0.21604938,0.48765432,0.2962963,0.29166667,0.08333333,0.47904192,0.26646707,0.25449102,0.09634209,719,1222,1941,"sa327750"
2012,"Will Savage","LAD","AAA",27,141.2,0.32653061,1.17368421,0.16565657,0.45050505,0.38383838,0.17894737,0.1,0.46351085,0.23076923,0.30571992,0.06817113,793,1334,2127,"sa327775"
2010,"Kevin Pucetas","SFG","AAA",25,136,0.35147392,1.18867925,0.21621622,0.42567568,0.35810811,0.22641509,0.10691824,0.43296703,0.24175824,0.32527473,0.07282794,913,1435,2348,"sa327994"
2012,"Charles Shirek","CHW","AAA",26,170.1,0.29001883,1.77018634,0.17560074,0.52680222,0.29759704,0.18012422,0.11180124,0.4379562,0.22262774,0.33941606,0.09529412,840,1710,2550,"sa388975"
2013,"Ryan Tatusko","WSN","AAA",28,120.2,0.30571429,1.47826087,0.18338109,0.48710602,0.32951289,0.22608696,0.06086957,0.44817927,0.22969188,0.32212885,0.09471154,855,1225,2080,"sa389188"
2011,"Dylan Owen","NYM","AAA",24,116.1,0.27002967,0.94117647,0.14409222,0.41498559,0.44092219,0.20261438,0.12418301,0.3988764,0.3005618,0.3005618,0.08607456,678,1146,1824,"sa389225"
2010,"Adam Mills","BOS","AAA",25,131.2,0.32644628,1.07103825,0.22336066,0.40163934,0.375,0.20765027,0.09289617,0.48103792,0.25349301,0.26546906,0.06158088,744,1432,2176,"sa389674"
2011,"Travis Banwart","OAK","AAA",25,149.2,0.27702703,0.7952381,0.1659292,0.36946903,0.46460177,0.22857143,0.1047619,0.40645161,0.27741935,0.31612903,0.09701187,941,1502,2443,"sa389775"
2012,"Travis Banwart","OAK","AAA",26,128.2,0.29620253,0.89090909,0.2160804,0.36934673,0.41457286,0.26666667,0.09090909,0.43658537,0.26585366,0.29756098,0.10361446,752,1323,2075,"sa389775"
2013,"Travis Banwart","OAK","AAA",27,131,0.32722513,0.66839378,0.18481013,0.32658228,0.48860759,0.24870466,0.10362694,0.4044665,0.29528536,0.30024814,0.11252115,937,1427,2364,"sa389775"
2013,"Mitch Lively","SFG","AAA",27,124,0.2630137,0.88387097,0.20867209,0.37127371,0.4200542,0.2516129,0.09677419,0.41578947,0.22894737,0.35526316,0.08089261,834,1317,2151,"sa390254"
2014,"Chris Hernandez","BOS","AAA",25,117,0.3027027,1.81308411,0.17307692,0.53296703,0.29395604,0.22429907,0.04672897,0.46933333,0.224,0.30666667,0.07324219,832,1216,2048,"sa390676"
2016,"Chris Jones","LAA","AAA",27,118.1,0.3680203,2.21978022,0.25445293,0.51399491,0.23155216,0.12087912,0.10989011,0.46782178,0.26732673,0.26485149,0.09528796,668,1242,1910,"sa392067"
2014,"Chris Jones","BAL","AAA",25,119.2,0.31168831,1.53508772,0.22727273,0.46791444,0.30481283,0.19298246,0.03508772,0.46786632,0.20822622,0.32390746,0.09032603,685,1186,1871,"sa392067"
2015,"Chris Jones","BAL","AAA",26,150,0.30686695,1.67883212,0.21581197,0.49145299,0.29273504,0.13868613,0.10948905,0.41336117,0.25469729,0.33194154,0.0978162,718,1480,2198,"sa392067"
2013,"Nick Additon","STL","AAA",25,131.2,0.27567568,0.7704918,0.14285714,0.37301587,0.48412698,0.25136612,0.08196721,0.45833333,0.2421875,0.29947917,0.12338594,784,1307,2091,"sa393067"
2015,"Carlos Pimentel","CHC","AAA",25,143.1,0.26781327,0.81666667,0.19852941,0.36029412,0.44117647,0.18888889,0.06666667,0.5,0.284689,0.215311,0.09663687,912,1437,2349,"sa393262"
2016,"Carlos Pimentel","SDP","AAA",26,145,0.34429825,0.81632653,0.22608696,0.34782609,0.42608696,0.18367347,0.08673469,0.44397463,0.28964059,0.26638478,0.09506762,974,1540,2514,"sa393262"
2015,"Luis Leroy Cruz","HOU","AAA",24,116,0.29618768,0.93571429,0.22571429,0.37428571,0.4,0.17857143,0.12857143,0.39166667,0.28055556,0.32777778,0.08389913,817,1245,2062,"sa454687"
2017,"Shawn Haviland","BOS","AAA",31,126.2,0.26502732,0.83850932,0.22916667,0.3515625,0.41927083,0.29192547,0.13664596,0.47938144,0.24484536,0.2757732,0.07696055,766,1287,2053,"sa454866"
2012,"Tom Cochran","PHI","AAA",29,127.1,0.27478754,0.94520548,0.19774011,0.38983051,0.41242938,0.31506849,0.06849315,0.50824176,0.23076923,0.26098901,0.10114504,840,1256,2096,"sa499795"
2015,"Darin Gorski","NYM","AAA",27,137,0.32629108,0.81081081,0.23165138,0.3440367,0.42431193,0.3027027,0.1027027,0.4221219,0.28442438,0.29345372,0.08615004,941,1485,2426,"sa501520"
2013,"Andrew Carraway","SEA","AAA",26,118.2,0.31675393,0.89473684,0.17557252,0.38931298,0.4351145,0.20467836,0.10526316,0.5112782,0.19799499,0.29072682,0.08424726,754,1252,2006,"sa501632"
2014,"Andrew Carraway","SEA","AAA",27,125.1,0.33173077,1.05194805,0.25118483,0.38388626,0.36492891,0.16883117,0.08441558,0.45920746,0.21212121,0.32867133,0.07584541,711,1359,2070,"sa501632"
2012,"Jorge Reyes","SDP","AAA",24,152,0.35166994,1.18965517,0.25875486,0.40272374,0.3385214,0.18965517,0.0862069,0.40761905,0.27047619,0.32190476,0.07728238,819,1536,2355,"sa501947"
2013,"Danny Rosenbaum","WSN","AAA",25,158.1,0.31027668,2.12598425,0.19144603,0.54989817,0.2586558,0.18897638,0.07874016,0.51744186,0.21511628,0.26744186,0.0836349,979,1508,2487,"sa502078"
2017,"David Hurlbut","MIN","AAA",27,130.2,0.35096154,1.42857143,0.21601942,0.46116505,0.32281553,0.26315789,0.04511278,0.5,0.23459716,0.26540284,0.10279001,683,1360,2043,"sa503067"
2014,"Daniel Rodriguez","ATL","AAA",29,125,0.32065217,1.49122807,0.24064171,0.45454545,0.30481283,0.15789474,0.14035088,0.50652742,0.23237598,0.26109661,0.10531448,761,1290,2051,"sa509281"
2015,"Keith Couch","BOS","AAA",25,124.2,0.33021077,1.609375,0.22685185,0.47685185,0.2962963,0.1875,0.0859375,0.48063781,0.26651481,0.25284738,0.06451613,836,1241,2077,"sa549175"
2018,"Forrest Snow","TBR","AAA",29,117.2,0.28571429,0.7852349,0.2244898,0.34110787,0.43440233,0.18120805,0.14765101,0.42450142,0.2991453,0.27635328,0.11842105,647,1253,1900,"sa549462"
2015,"Forrest Snow","SEA","AAA",26,121,0.26666667,0.78787879,0.19836957,0.35326087,0.44836957,0.26060606,0.13333333,0.54188482,0.2565445,0.20157068,0.09399076,706,1241,1947,"sa549462"
2017,"Chris Lee","BAL","AAA",24,116.1,0.33928571,1.79464286,0.19329897,0.51804124,0.28865979,0.19642857,0.09821429,0.41089109,0.22524752,0.36386139,0.08047105,800,1238,2038,"sa550044"
2017,"Ricky Knapp","NYM","AAA",25,144.2,0.32432432,1.09793814,0.21428571,0.41119691,0.37451737,0.13917526,0.08247423,0.43632959,0.29400749,0.26966292,0.06765957,850,1500,2350,"sa550202"
2017,"Bryan Rodriguez","SDP","AAA",25,126.2,0.32888889,2.03571429,0.23076923,0.5158371,0.25339367,0.13392857,0.08035714,0.45196507,0.2510917,0.29694323,0.05967977,763,1298,2061,"sa550590"
2014,"Jordan Pries","SEA","AAA",24,142,0.29512195,1.27516779,0.18705036,0.45563549,0.35731415,0.16107383,0.09395973,0.53537736,0.22877358,0.23584906,0.09375,825,1383,2208,"sa577935"
2017,"Matt Flemer","COL","AAA",26,126.2,0.32038835,0.79781421,0.23130841,0.3411215,0.42757009,0.26775956,0.1420765,0.42237443,0.28767123,0.28995434,0.07230624,767,1349,2116,"sa580429"
2018,"Ivan Pineyro","LAA","AAA",26,112.1,0.36338028,0.99295775,0.22677596,0.3852459,0.38797814,0.22535211,0.11267606,0.5,0.24054054,0.25945946,0.11287028,706,1252,1958,"sa597101"
2015,"Clayton Blackburn","SFG","AAA",22,123,0.32266667,1.97916667,0.22493225,0.51490515,0.2601626,0.20833333,0.0625,0.45526316,0.22368421,0.32105263,0.09447599,684,1253,1937,"sa598302"
2016,"Clayton Blackburn","SFG","AAA",23,136.1,0.29245283,1.24503311,0.20235294,0.44235294,0.35529412,0.17880795,0.1192053,0.36590909,0.31590909,0.31818182,0.09117504,701,1350,2051,"sa598302"
2017,"Christian Binford","KCR","AAA",24,115.2,0.35106383,0.5255814,0.17380353,0.28463476,0.54156171,0.20465116,0.11627907,0.42394015,0.25187032,0.32418953,0.06566416,711,1284,1995,"sa599309"
2019,"Eduardo Vera","PIT","AAA",24,118.2,0.33420366,0.97484277,0.18863049,0.4005168,0.41085271,0.21383648,0.10691824,0.4160401,0.27819549,0.30576441,0.08004213,657,1242,1899,"sa657658"
2019,"Teddy Stankiewicz","BOS","AAA",25,131,0.28865979,0.71428571,0.23341523,0.31941032,0.44717445,0.25274725,0.14285714,0.46618357,0.25845411,0.27536232,0.10643221,782,1379,2161,"sa657954"
2019,"Michael Peoples","CLE","AAA",27,144.2,0.3271028,1.65289256,0.26712329,0.456621,0.27625571,0.18181818,0.14049587,0.43370787,0.26292135,0.30337079,0.08989287,722,1425,2147,"sa658314"
2016,"Jonathan Dziedzic","KCR","AAA",25,140,0.2939759,0.6745283,0.15274463,0.34128878,0.50596659,0.1509434,0.05660377,0.3793911,0.25526932,0.36533958,0.07929515,1017,1480,2497,"sa659070"
2018,"Jonathan Dziedzic","KCR","AAA",27,139.1,0.29680365,0.87317073,0.13513514,0.40315315,0.46171171,0.17560976,0.05365854,0.42666667,0.29111111,0.28222222,0.07668712,879,1403,2282,"sa659070"
2014,"Zach Petrick","STL","AAA",24,115,0.2917847,1.24031008,0.19722222,0.44444444,0.35833333,0.19379845,0.12403101,0.47138965,0.25613079,0.27247956,0.07291112,696,1183,1879,"sa659444"
2015,"Zach Petrick","STL","AAA",25,157.1,0.32681018,1.21390374,0.19455253,0.44163424,0.36381323,0.18716578,0.07486631,0.43346008,0.24144487,0.32509506,0.09116809,788,1669,2457,"sa659444"
2019,"Shao-Ching Chiang","CLE","AAA",25,131,0.32552083,1,0.22762148,0.38618926,0.38618926,0.23178808,0.12582781,0.4563591,0.21945137,0.32418953,0.11998328,906,1486,2392,"sa659598"
2019,"Jake Kalish","KCR","AAA",27,118.2,0.2892562,0.73099415,0.22715405,0.32637076,0.4464752,0.14619883,0.15204678,0.44987147,0.24935733,0.30077121,0.09237379,641,1221,1862,"sa709032"
2018,"Jose Lopez","CIN","AAA",24,141,0.29567308,0.62755102,0.24586288,0.29078014,0.46335697,0.26020408,0.09693878,0.42298851,0.25057471,0.32643678,0.09319899,808,1574,2382,"sa709715"
2016,"Nate Smith","LAA","AAA",24,150.1,0.3231441,1.05084746,0.22435897,0.3974359,0.37820513,0.25988701,0.10169492,0.47257384,0.22151899,0.30590717,0.1107056,889,1577,2466,"sa737900"
2016,"Joe Gunkel","BAL","AAA",24,141.1,0.31277533,1.2972973,0.26247289,0.4164859,0.32104121,0.25675676,0.09459459,0.45726496,0.23076923,0.31196581,0.07974867,653,1416,2069,"sa738176"
2019,"Zack Brown","MIL","AAA",24,116.2,0.34173669,1.98947368,0.20670391,0.52793296,0.26536313,0.18947368,0.16842105,0.45283019,0.22911051,0.3180593,0.09441424,770,1253,2023,"sa738901"
2017,"Frank Duncan","ARI","AAA",25,119.1,0.36579572,1.34042553,0.23255814,0.43953488,0.32790698,0.17021277,0.13475177,0.46031746,0.30612245,0.23356009,0.09927984,735,1209,1944,"sa738963"
2017,"Tyler Eppler","PIT","AAA",24,136.1,0.31264368,1.06097561,0.23356009,0.39455782,0.37188209,0.24390244,0.1402439,0.51859956,0.22538293,0.25601751,0.11191162,694,1388,2082,"sa829043"
2018,"Tyler Eppler","PIT","AAA",25,153,0.31210191,1.0960452,0.21398305,0.41101695,0.375,0.15254237,0.07344633,0.50517598,0.24016563,0.25465839,0.10238908,792,1552,2344,"sa829043"
2019,"Jerry Keel","SDP","AAA",25,151.1,0.35728543,1.65693431,0.27920792,0.44950495,0.27128713,0.13138686,0.20437956,0.43643264,0.27134725,0.29222011,0.08970765,975,1522,2497,"sa856543"
2019,"Thomas Jankins","MIL","AAA",23,123.1,0.3125,2.02884615,0.18181818,0.54805195,0.27012987,0.16346154,0.16346154,0.46650124,0.24317618,0.29032258,0.09692548,704,1215,1919,"sa873276"
2019,"Bubba Derby","MIL","AAA",25,115.1,0.29447853,0.63057325,0.2358209,0.29552239,0.46865672,0.2611465,0.13375796,0.40869565,0.29275362,0.29855072,0.11205523,685,1198,1883,"sa875183"
2018,"Bubba Derby","MIL","AAA",24,118.1,0.32777778,1.16428571,0.14647887,0.45915493,0.3943662,0.18571429,0.06428571,0.46341463,0.2601626,0.27642276,0.10659114,718,1224,1942,"sa875183"