last_name, first_name,player_id,year,player_age,b_total_pa,b_k_percent,b_bb_percent,xba,xslg,woba,xwoba,xobp,xiso,exit_velocity_avg,launch_angle_avg,sweet_spot_percent,barrel,barrel_batted_rate,hard_hit_percent,avg_best_speed,avg_hyper_speed,pitch_count,batted_ball,
Pujols, Albert,405395,2019,39,545,12.5,7.9,.251,.428,.308,.319,.314,.178,88.3,12.5,26.5,25,5.8,36.6,98.702028255,5.397586981,2085,431,
Cabrera, Miguel,408234,2019,36,549,19.7,8.7,.270,.436,.318,.331,.337,.166,90.3,12.3,38.2,25,6.4,44.7,100.419225052,6.454148966,2033,390,
Mathis, Jeff,425772,2019,36,244,35.7,6.1,.160,.218,.190,.192,.211,.058,86.1,16.9,29.6,2,1.4,26.4,95.748303043,3.877173188,937,142,
Choo, Shin-Soo,425783,2019,36,660,25.0,11.8,.263,.474,.353,.362,.370,.211,91.9,9.2,31.8,35,8.8,49,102.002794264,7.652745761,2707,399,
Molina, Yadier,425877,2019,36,452,12.8,5.1,.271,.435,.303,.322,.317,.164,87.4,13.9,40.7,14,3.8,35,96.859216201,4.459737059,1617,366,
Cano, Robinson,429664,2019,36,423,16.3,5.9,.280,.448,.308,.330,.329,.168,90.9,7.4,33.6,24,7.4,46.3,101.525934815,7.073836935,1481,324,
Encarnacion, Edwin,429665,2019,36,486,21.2,11.9,.246,.523,.362,.367,.349,.277,90.2,22.5,34.3,41,12.9,42.9,101.299904231,6.808375673,2151,318,
Jones, Adam,430945,2019,33,528,19.1,5.9,.257,.432,.308,.319,.312,.175,86.2,13.5,31.3,26,6.7,31,97.264484508,4.647410494,1922,387,
Martin, Russell,431145,2019,36,249,24.1,12.0,.217,.345,.295,.304,.338,.128,88.2,11.2,25.8,8,5.3,34,98.385595,5.247893265,1066,151,
Granderson, Curtis,434158,2019,38,363,27.0,11.3,.214,.387,.275,.306,.310,.173,88.8,19.4,38.5,16,7.2,34.8,97.697461927,5.012019679,1571,221,
Morales, Kendrys,434778,2019,36,201,12.9,12.9,.274,.444,.264,.365,.385,.170,91.3,9.5,29,10,6.9,44.8,101.059318356,6.744231931,833,145,
Kendrick III, Howie,435062,2019,35,370,13.2,7.3,.332,.614,.400,.418,.388,.282,91.7,10.8,36.9,33,11.4,48.3,102.231581655,7.726170346,1397,290,
Kinsler, Ian,435079,2019,37,281,19.2,6.8,.206,.304,.277,.254,.268,.098,84.3,17.3,33.7,3,1.5,23.4,94.48613099,3.246012376,1082,205,
McCann, Brian,435263,2019,35,316,16.8,9.8,.237,.400,.311,.313,.318,.162,88.8,11.4,32.2,13,5.7,35.2,98.12994,5.223699563,1281,230,
Walker, Neil,435522,2019,33,381,20.2,11.0,.267,.429,.319,.339,.351,.162,86.2,11.7,40.6,17,6.5,31,96.257698626,4.144668659,1502,261,
Suzuki, Kurt,435559,2019,35,309,11.7,6.5,.277,.455,.337,.338,.337,.178,86,18.9,39.7,16,6.5,32.4,97.198997419,4.618344818,1053,247,
Desmond, Ian,435622,2019,33,482,24.7,7.1,.270,.481,.328,.340,.324,.211,90.9,8.7,32.4,34,10.4,42.5,102.261864356,7.3313524,1830,327,
Cruz Jr., Nelson,443558,2019,38,521,25.1,10.7,.290,.637,.417,.415,.377,.347,93.7,13.1,38.3,65,19.9,51.5,105.351946319,9.322233957,2115,326,
Peralta, David,444482,2019,31,423,20.6,8.3,.246,.379,.338,.304,.317,.133,90.1,6.4,29.1,16,5.4,40.9,100.762306892,6.542203682,1562,296,
Pina, Manny,444489,2019,32,179,27.9,8.9,.223,.401,.308,.305,.310,.178,88.5,16.2,44,9,8.3,34.3,98.190509444,5.132957685,747,109,
Jay, Jon,445055,2019,34,182,16.5,4.4,.252,.325,.275,.276,.297,.073,83.1,5.8,36.2,2,1.4,12.8,92.441222687,2.33245903,712,141,
Prado, Martin,445988,2019,35,260,15.8,4.6,.253,.338,.243,.273,.287,.085,87,8.3,31.9,1,0.5,28.5,96.085245962,4.064252512,1010,207,
Duda, Lucas,446263,2019,33,119,26.9,9.2,.222,.452,.245,.312,.297,.230,91.5,22.5,32,9,12,45.3,101.806439474,7.3628876,523,75,
Wieters, Matt,446308,2019,33,183,25.7,6.6,.217,.399,.292,.285,.271,.182,88.8,13.8,31.7,9,7.3,34.1,98.062080806,5.343596423,763,123,
Longoria, Evan,446334,2019,33,508,22.0,8.5,.269,.491,.322,.351,.340,.222,89.7,14,35.8,26,7.5,40.8,99.366085607,5.904958902,2018,346,
Cozart, Zack,446359,2019,33,107,15.0,4.7,.208,.273,.150,.247,.263,.064,85.9,21.6,31,1,1.2,21.4,94.784234048,3.447349405,395,84,
Rodriguez, Sean,446481,2019,34,139,29.5,13.7,.200,.332,.319,.303,.332,.132,88.3,13.5,28.9,4,5.3,36.8,100.293814722,6.252726056,590,76,
Reynolds, Mark,448602,2019,35,162,35.2,13.6,.166,.296,.267,.272,.292,.130,88.9,17.5,33.3,5,6.2,37,99.064327805,5.801911728,665,81,
Davis, Chris,448801,2019,33,352,39.5,11.1,.202,.369,.263,.292,.298,.166,89.1,14.1,39.8,18,10.5,39.2,98.670081163,5.560342924,1524,171,
Zobrist, Ben,450314,2019,38,176,13.6,13.1,.244,.317,.303,.303,.345,.073,85.8,5.3,25,1,0.8,23.4,95.067698906,3.56974189,710,128,
Fowler, Dexter,451594,2019,33,574,24.7,12.9,.250,.421,.326,.340,.357,.172,85.5,12.9,40.6,26,7.4,28.7,96.524358779,4.292498076,2417,350,
Flowers, Tyler,452095,2019,33,310,33.9,10.0,.196,.380,.310,.289,.291,.184,90.1,11.1,31.5,19,11.3,41.1,100.657357857,6.469272262,1237,168,
Pence, Hunter,452254,2019,36,316,21.8,8.2,.282,.516,.377,.364,.345,.234,91.5,9.9,36.1,20,9.1,42.6,102.338578519,7.514528519,1245,219,
Cabrera, Asdrubal,452678,2019,33,514,20.0,11.1,.238,.408,.331,.317,.326,.170,89.1,14.4,37.3,20,5.7,35.3,97.630785829,4.935685272,2089,351,
Blackmon, Charlie,453568,2019,32,634,16.4,6.3,.295,.525,.387,.367,.348,.230,88.7,14.6,36.8,40,8.3,40.3,99.698822,6.031157328,2362,481,
Frazier, Todd,453943,2019,33,499,21.2,8.0,.234,.408,.328,.313,.315,.174,88.3,17.1,34.6,25,7.3,38.3,99.05753071,5.661440237,1991,341,
Iannetta, Chris,455104,2019,36,164,32.9,11.0,.229,.415,.303,.314,.320,.186,92.1,8.7,36.3,13,14.3,51.6,105.150696957,9.245671319,672,91,
Maldonado, Martin,455117,2019,32,374,23.0,8.6,.212,.384,.288,.295,.295,.172,88.1,12.7,26,19,7.6,34.6,98.300499098,5.189008313,1427,250,
Chirinos, Robinson,455139,2019,35,437,28.6,11.7,.214,.391,.336,.316,.330,.177,87,16.9,35.5,19,7.7,37,98.433841429,5.240079244,1727,248,
Markakis, Nick,455976,2019,35,469,12.6,10.0,.298,.430,.332,.350,.372,.131,91.2,7.3,34.1,11,3,44.3,100.257436961,6.567590416,1872,361,
Castillo, Welington,456078,2019,32,251,29.5,6.4,.218,.426,.287,.300,.278,.208,89.5,13.2,30.4,18,11.4,42.4,100.540735316,6.385144873,991,158,
Nunez, Eduardo,456488,2019,32,174,15.5,2.3,.239,.311,.233,.247,.256,.072,88.1,5.9,23.1,2,1.4,33.3,98.579121594,5.328291241,596,143,
Cain, Lorenzo,456715,2019,33,623,17.0,8.0,.287,.414,.302,.335,.352,.127,89.5,6.9,31.1,19,4.1,42.1,100.238276903,6.349469379,2508,460,
Solano, Donovan,456781,2019,31,228,21.5,4.4,.315,.450,.346,.343,.347,.136,87,14.5,46.4,7,4.2,43.1,98.720259167,5.451964192,903,168,
McCutchen, Andrew,457705,2019,32,262,21.0,16.4,.254,.443,.358,.357,.377,.189,90.6,12.7,32.9,12,7.3,40.9,100.045469024,6.285084695,1165,164,
Upton, Justin,457708,2019,31,256,30.5,12.5,.220,.426,.307,.317,.315,.205,87.2,18.5,35.6,17,11.6,37,99.487771233,5.743885616,1129,146,
Maybin, Cameron,457727,2019,32,269,26.8,11.2,.253,.453,.362,.339,.336,.200,89.4,11.8,35.9,17,10.2,39.5,99.597751446,5.959264182,1121,167,
Turner, Justin,457759,2019,34,549,16.0,9.3,.286,.516,.370,.377,.372,.230,90.3,17.8,38.6,31,7.8,43,99.316567333,6.054303103,2151,396,
Posey III, Buster,457763,2019,32,445,16.0,7.6,.248,.408,.298,.310,.312,.160,88.6,9.1,32.4,16,4.8,36.3,98.089996786,5.215351791,1765,336,
Bruce, Jay,457803,2019,32,333,24.6,5.7,.247,.545,.318,.346,.292,.299,90.2,21.6,33.8,31,13.4,43.7,101.125155856,6.795881176,1229,231,
Votto, Joey,458015,2019,35,608,20.2,12.5,.259,.446,.332,.347,.359,.186,88.9,15.2,40.7,28,6.9,38.2,98.39220904,5.284395747,2458,405,
Gardner, Brett,458731,2019,35,550,19.6,9.5,.233,.367,.344,.298,.312,.134,87.7,13.9,28.8,15,3.9,32.6,97.502337166,4.782383529,2381,386,
Joyce, Matt,459964,2019,34,238,18.9,16.0,.270,.438,.372,.360,.387,.168,87.7,16.8,38.1,10,6.5,33.5,97.49674013,4.879986948,999,155,
Braun, Ryan,460075,2019,35,508,20.7,6.7,.266,.470,.354,.339,.328,.204,91.5,7.3,33.3,34,9.5,45.3,102.052932898,7.456152393,1875,357,
Gordon, Alex,460086,2019,35,633,15.8,8.1,.255,.422,.319,.330,.338,.167,88.7,9.3,33.7,25,5.4,38.4,98.714198996,5.515087773,2350,463,
Andrus, Elvis,462101,2019,30,648,14.8,5.2,.271,.401,.300,.311,.315,.129,88.4,7.2,32.5,18,3.5,34.8,98.037067647,5.090040864,2528,514,
Cervelli, Francisco,465041,2019,33,160,25.6,8.1,.204,.348,.285,.285,.294,.144,86.9,12,35.6,6,5.9,31.7,96.6472466,4.3236233,640,101,
Cabrera, Melky,466320,2019,34,397,10.3,4.3,.278,.379,.301,.298,.311,.101,88.2,8.9,32.8,7,2.1,33,98.235874132,5.127403623,1359,338,
Sandoval, Pablo,467055,2019,32,296,22.6,6.1,.271,.474,.336,.335,.319,.203,89.8,10.9,37.1,24,11.4,44.7,102.585228252,7.645906942,1137,210,
Ramos, Wilson,467092,2019,31,524,13.2,8.4,.262,.398,.327,.314,.328,.136,90,-0.1,25.8,19,4.7,42.5,100.551024657,6.552424005,1720,407,
Santana, Carlos,467793,2019,33,686,15.7,15.7,.266,.480,.380,.367,.384,.214,91.8,11.7,29.1,45,9.6,44.9,101.70770382,7.190037742,2793,467,
Parra, Gerardo,467827,2019,32,301,19.6,6.3,.243,.382,.288,.296,.304,.138,86.2,10.2,35.8,10,4.6,21.6,95.14028514,3.596039296,1076,218,
Gonzalez, Carlos,471865,2019,33,166,31.3,10.8,.203,.323,.254,.273,.294,.119,87.6,1.4,28.4,6,6.3,34.7,99.800495957,5.900247979,635,95,
Mercer, Jordy,474568,2019,32,271,21.0,4.8,.261,.445,.314,.315,.302,.183,86.9,13.2,37.2,13,6.5,36.2,98.1160568,5.092855879,1081,199,
Belt, Brandon,474832,2019,31,616,20.6,13.5,.242,.457,.319,.346,.349,.214,87.3,22.4,41.4,35,8.7,35.7,97.86413404,4.972052601,2514,403,
Alonso, Yonder,475174,2019,32,335,20.9,11.6,.231,.374,.277,.305,.325,.143,88.1,14.1,32.6,12,5.4,39.3,99.496347857,5.805879821,1370,224,
Smoak, Justin,475253,2019,32,500,21.2,15.8,.249,.491,.323,.368,.376,.242,90.3,16.7,37.5,34,11,39.8,99.901978766,6.097331558,2044,309,
Zimmerman, Ryan,475582,2019,34,190,20.5,8.9,.248,.444,.313,.325,.316,.196,91.4,9.7,32.8,10,7.5,49.3,102.074712388,7.398411343,751,134,
Avila, Alex,488671,2019,32,201,33.8,17.9,.230,.499,.323,.360,.372,.269,91.4,9.4,42.7,18,18.8,49,99.813964167,6.602651146,857,96,
Brantley Jr., Michael,488726,2019,32,637,10.4,8.0,.293,.473,.367,.357,.360,.180,88.8,10.6,36.3,28,5.5,37.3,98.944887791,5.592931345,2316,513,
Castro, Jason,488771,2019,32,275,32.0,12.0,.246,.517,.328,.363,.346,.271,91.8,14.4,41.7,26,17.2,47,102.293181067,7.491659467,1146,151,
Gurriel, Yuli,493329,2019,35,612,10.6,6.0,.280,.415,.364,.321,.329,.135,89.3,14.3,33.5,18,3.6,38.1,99.115304494,5.675495972,2085,505,
Beckham, Gordon,493596,2019,32,240,28.3,5.4,.216,.376,.274,.278,.272,.160,86.2,14.1,36.8,14,9,36.8,97.900013077,4.982090516,987,155,
Rodriguez, Ronny,500135,2019,27,294,27.9,4.4,.220,.429,.283,.287,.256,.209,88.9,16.2,29.1,15,7.5,40.6,99.819800947,5.994103632,1045,199,
Rojas, Miguel,500743,2019,30,526,11.8,6.1,.271,.370,.305,.303,.322,.099,87.4,9.1,31.9,11,2.6,28.8,96.91060967,4.477684269,1867,427,
Escobar, Eduardo,500871,2019,30,699,18.6,7.2,.254,.464,.341,.326,.310,.209,87.8,18.4,38.6,36,7,31.4,96.833323953,4.47242407,2691,516,
Martinez, Jose,500874,2019,30,373,22.0,9.4,.273,.469,.323,.348,.344,.196,88.9,6.9,36.6,18,7.1,39.3,100.266536429,6.245312311,1567,254,
Adrianza, Ehire,501303,2019,29,236,16.9,8.5,.265,.392,.326,.325,.347,.127,86.6,14.9,36.9,6,3.6,28,96.524154146,4.27921122,870,168,
Lagares, Juan,501571,2019,30,285,26.3,7.7,.211,.297,.258,.254,.280,.087,88.3,11.2,33.3,6,3.2,34.4,98.32039382,5.227372599,1092,186,
Freese, David,501896,2019,36,186,23.7,12.4,.285,.529,.415,.384,.378,.243,91.5,11,36.4,18,15.3,50.4,101.869765254,7.522423932,748,118,
Davis, Khris,501981,2019,31,533,27.4,8.8,.232,.437,.289,.318,.307,.205,90.2,13.1,31.5,33,9.8,40.4,100.123268606,6.332532128,2066,337,
Pham, Tommy,502054,2019,31,654,18.8,12.4,.270,.455,.349,.354,.366,.185,90.9,5.2,29.7,35,7.9,45,101.772675315,7.171833612,2604,445,
Martinez, J.D.,502110,2019,31,657,21.0,11.0,.301,.567,.386,.396,.384,.266,91.3,12.5,40.7,52,11.8,47.9,102.131572903,7.491600668,2463,442,
Reddick, Josh,502210,2019,32,550,12.0,6.5,.275,.398,.308,.316,.324,.123,86.1,15.8,36,15,3.4,29.4,96.674681023,4.339940093,1993,445,
Freeman, Mike,502273,2019,31,213,28.6,10.3,.214,.296,.327,.277,.310,.082,85.6,8.9,35.7,3,2.4,27.8,96.204765172,4.107119483,845,126,
Dyson, Jarrod,502481,2019,34,452,19.0,10.4,.220,.294,.281,.273,.305,.074,83.9,9.6,29.3,5,1.6,21.8,94.212458882,3.256488845,1700,317,
Murphy, Daniel,502517,2019,34,478,15.5,6.7,.249,.369,.328,.290,.301,.120,86.3,14.8,36.7,9,2.4,28.3,95.939515543,3.973685299,1821,368,
Goldschmidt, Paul,502671,2019,31,682,24.3,11.4,.257,.509,.346,.359,.345,.252,90.1,15.4,36.4,49,11.3,42.4,101.099060419,6.813832214,2888,434,
Gonzalez, Marwin,503556,2019,30,463,21.2,6.7,.262,.436,.313,.323,.321,.174,90.7,11,35.1,21,6.4,44,100.17183773,6.492499015,1783,328,
Leon, Sandy,506702,2019,30,191,24.6,6.8,.170,.244,.239,.223,.236,.074,85.3,21.5,32.3,2,1.5,25,95.258450161,3.665594634,758,130,
Altuve, Jose,514888,2019,29,548,15.0,7.5,.268,.484,.374,.344,.328,.216,87.4,9.7,28.2,34,8.1,34.5,98.232746332,5.15652902,1994,422,
Hernandez, Cesar,514917,2019,29,667,15.0,6.7,.264,.375,.315,.302,.320,.111,86,9.5,32,14,2.7,28.3,96.063685391,4.063206289,2600,516,
Segura, Jean,516416,2019,29,618,11.8,4.9,.270,.401,.315,.310,.314,.131,88.2,7.2,31,16,3.2,32.7,98.140826245,5.158728356,2232,507,
Castro, Starlin,516770,2019,29,676,16.4,4.1,.268,.435,.307,.314,.301,.167,88.5,11,29.6,33,6.2,37.7,99.25870618,5.71512167,2485,534,
Marte, Starling,516782,2019,30,586,16.0,4.3,.297,.507,.353,.362,.346,.210,88.6,8.2,31.3,36,8,38.6,100.167259491,6.183408704,2127,451,
Culberson, Charlie,518586,2019,30,144,30.6,4.2,.235,.396,.306,.285,.271,.161,88.3,13.2,39.8,7,7.5,30.1,97.528101087,4.905866264,557,93,
d'Arnaud, Travis,518595,2019,30,391,21.7,8.2,.261,.454,.314,.335,.326,.193,90,14.6,33.8,21,7.7,39.7,100.203373676,6.327140037,1506,272,
Descalso, Daniel,518614,2019,32,194,29.4,11.9,.192,.298,.238,.266,.289,.106,88.8,11.4,31,5,4.4,31,97.119616909,4.593709273,818,113,
Dietrich, Derek,518618,2019,29,306,24.2,9.2,.218,.419,.334,.342,.358,.200,87.2,20.7,34.3,18,10.1,31.4,98.731933294,5.378876176,1199,178,
Donaldson, Josh,518626,2019,33,659,23.5,15.2,.262,.530,.377,.385,.383,.268,92.9,13.3,33.3,62,15.7,50.5,103.481444646,8.329034343,2742,396,
Freeman, Freddie,518692,2019,29,692,18.4,12.6,.294,.569,.387,.397,.389,.275,89.7,14.4,40,58,12.3,42.5,100.291077106,6.346356255,2750,472,
Grandal, Yasmani,518735,2019,30,632,22.0,17.2,.241,.475,.361,.366,.379,.234,90.7,14.2,37.5,43,11.3,41.8,101.083447676,6.798444108,2733,379,
Heyward, Jason,518792,2019,29,589,18.7,11.5,.255,.396,.328,.323,.347,.141,88.8,11.3,31.8,23,5.7,36.5,99.605955423,5.856621272,2231,406,
LeMahieu, DJ,518934,2019,30,655,13.7,7.0,.314,.522,.375,.376,.364,.208,91.9,6.5,35.2,39,7.5,48.5,101.237689802,7.21012604,2463,517,
Lucroy, Jonathan,518960,2019,33,328,15.5,8.2,.238,.367,.286,.299,.314,.129,86.9,12.5,31,7,2.9,32.5,97.427466639,4.740217257,1351,245,
Moreland, Mitch,519048,2019,33,335,22.1,10.1,.256,.494,.347,.352,.334,.238,90.8,10.1,33.2,26,11.5,45.6,101.731563274,7.18590146,1348,226,
Moustakas, Mike,519058,2019,30,584,16.8,9.1,.260,.503,.348,.350,.334,.243,89.5,17.4,32.3,44,10.3,40.8,100.616091659,6.477699005,2233,427,
Rizzo, Anthony,519203,2019,29,613,14.0,11.6,.297,.487,.390,.388,.411,.190,89,12.6,36.8,29,6.8,37,100.200593521,6.167510706,2470,429,
Romine, Austin,519222,2019,30,240,20.8,4.2,.259,.429,.315,.306,.290,.170,88.5,10.9,29.4,12,6.7,40.2,101.295490899,6.709003539,871,180,
Sogard, Eric,519299,2019,33,442,14.3,8.6,.267,.376,.342,.310,.334,.108,85.7,19.3,40.7,7,2.1,20.4,94.087467711,3.057566737,1751,339,
Thames, Eric,519346,2019,32,459,30.5,11.1,.222,.429,.354,.324,.327,.206,90.9,19,36,23,8.9,44.2,100.581451032,6.612173187,1881,258,
Vogt, Stephen,519390,2019,34,280,23.6,7.1,.251,.485,.331,.330,.305,.234,89.8,22.4,37.3,20,10.4,41.1,99.381285625,5.80900125,1121,193,
Galvis, Freddy,520471,2019,29,589,24.6,4.8,.235,.384,.307,.280,.273,.149,88.8,14.7,31.8,23,5.5,36.4,97.641622,4.96163978,2289,415,
Forsythe, Logan,523253,2019,32,367,27.2,12.0,.234,.401,.298,.320,.332,.167,89.2,12.3,39.7,12,5.5,40.1,98.349886972,5.432547143,1665,219,
Flores, Wilmer,527038,2019,27,285,10.9,5.3,.285,.436,.358,.331,.332,.151,87.4,16.4,36.6,12,5.1,30.6,96.623078898,4.337248851,1105,235,
Puello, Cesar,527049,2019,28,147,25.9,6.8,.231,.379,.325,.321,.342,.148,86.3,-3.5,28.4,6,6.8,26.1,97.582336364,4.859433218,572,88,
Garcia, Avisail,541645,2019,28,530,23.6,5.8,.271,.492,.334,.343,.323,.221,89.5,9.8,34.1,43,11.7,40.3,102.26663962,7.27715218,1894,367,
Perez, Hernan,541650,2019,28,246,26.8,4.5,.216,.334,.271,.256,.253,.117,88.5,9.3,27.8,7,4.1,35.9,98.821071687,5.560488242,932,169,
Inciarte, Ender,542255,2019,28,230,17.8,11.3,.232,.317,.318,.291,.332,.085,83,9.7,35.2,3,1.9,17.6,92.852376923,2.739017484,902,159,
Ozuna, Marcell,542303,2019,28,549,20.8,11.3,.284,.532,.336,.378,.367,.248,91.8,13.5,32.8,45,12.1,49.2,102.910036923,7.876849368,2260,372,
Villar, Jonathan,542340,2019,28,714,24.6,8.5,.246,.412,.335,.315,.315,.165,88.9,8.2,30.3,32,6.8,37.1,100.064624522,6.076027283,2843,472,
Santana, Danny,542454,2019,28,511,29.5,4.9,.277,.504,.352,.345,.320,.226,91.4,13.5,37.8,31,9.5,43.6,100.974542805,6.798723537,1942,328,
Aguilar, Jesus,542583,2019,29,369,22.0,11.7,.245,.440,.307,.333,.335,.195,89.4,13.8,33.8,18,7.5,38.3,100.181083417,6.208859417,1518,240,
Beckham, Tim,542921,2019,29,328,31.1,6.4,.219,.420,.315,.297,.277,.201,87.2,10.8,33.7,17,8.4,33.8,98.720866633,5.392943077,1352,202,
Berti, Jon,542932,2019,29,287,25.4,8.4,.258,.379,.326,.317,.337,.121,86.9,5.2,32.1,7,3.8,38,98.903971522,5.495692404,1171,184,
Broxton, Keon,542979,2019,29,228,45.6,8.8,.162,.284,.229,.233,.239,.122,88.1,10.3,28.2,6,5.8,30.1,98.39266125,5.218946146,970,103,
Crawford, Brandon,543063,2019,32,560,20.9,9.5,.238,.395,.281,.306,.314,.157,87.8,8.3,36.7,21,5.4,35.1,97.781885729,4.971044648,2179,387,
Cron, C.J.,543068,2019,29,499,21.4,5.8,.274,.548,.325,.366,.331,.274,91.1,12.8,34,53,15,45,103.083095057,7.828876125,1936,353,
Dickerson, Alex,543105,2019,29,190,22.1,6.8,.269,.477,.341,.347,.329,.208,89.9,16.3,37.6,12,9,43.6,101.06648403,6.823635865,718,133,
Gomes, Yan,543228,2019,31,358,23.5,10.6,.217,.391,.298,.302,.313,.174,87.6,18.1,32,16,6.9,36.1,98.060562348,5.052168304,1419,231,
Grossman, Robbie,543257,2019,29,482,17.8,12.2,.263,.382,.299,.326,.356,.119,87.7,12.1,36,8,2.4,30.9,96.88005241,4.473119157,1896,336,
Harrison, Josh,543281,2019,31,147,18.4,4.1,.236,.401,.208,.289,.276,.165,86.3,19.6,31.3,6,5.4,29.5,95.856412909,3.936055273,541,112,
Hicks, Aaron,543305,2019,29,255,28.2,12.2,.203,.374,.325,.295,.302,.171,89.7,13.6,26.3,14,9.2,37.1,100.307197778,6.322209301,1071,152,
Hicks, John,543308,2019,29,333,32.7,3.9,.201,.350,.259,.248,.232,.148,87.9,16.2,34.1,14,6.6,29.9,98.566847308,5.283615337,1249,211,
Hosmer, Eric,543333,2019,29,667,24.4,6.0,.249,.411,.309,.304,.297,.162,90.8,2.1,29.1,33,7.2,46,102.123969913,7.383913595,2558,461,
Kipnis, Jason,543401,2019,32,511,17.2,7.8,.256,.419,.301,.316,.318,.163,88.1,14.1,33.1,21,5.5,34.4,97.701285761,4.914942527,1981,381,
McCann, James,543510,2019,29,476,28.8,6.3,.260,.450,.333,.326,.316,.190,90.2,10.8,36,28,9.2,44.2,100.577583974,6.572465629,1966,303,
Miller, Brad,543543,2019,29,170,26.5,8.8,.242,.519,.368,.348,.314,.277,92.6,17.7,26.6,14,12.8,46.8,102.629403962,7.770232264,659,109,
Nola, Austin,543592,2019,29,267,23.6,8.6,.233,.364,.337,.296,.311,.131,87.4,16.3,35,6,3.4,35.6,97.969191364,5.060430682,1049,177,
Rendon, Anthony,543685,2019,29,646,13.3,12.4,.310,.590,.413,.414,.407,.280,90.4,19.5,38.7,56,12,46.6,100.105818761,6.364729594,2613,468,
Semien, Marcus,543760,2019,28,747,13.7,11.6,.272,.495,.373,.363,.359,.224,88.9,14.9,34,47,8.5,38.1,98.394543077,5.291025385,2965,556,
Shaw, Travis,543768,2019,29,270,33.0,13.3,.186,.340,.248,.285,.307,.154,89.1,24.5,34,10,7.1,37.9,99.798239714,6.006399712,1176,141,
Springer III, George,543807,2019,29,556,20.3,12.1,.283,.578,.400,.400,.379,.295,89.8,10.5,31.6,52,14.1,44.8,102.243162402,7.348781653,2299,370,
Strange-Gordon, Dee,543829,2019,31,421,14.5,4.3,.250,.310,.282,.263,.285,.060,84.2,5.8,28.2,0,0,19,93.293252484,2.721132516,1455,341,
Vazquez, Christian,543877,2019,28,521,19.4,6.3,.250,.441,.331,.313,.300,.191,89.4,13.3,37.5,23,5.9,40.1,98.617452674,5.540655335,2013,387,
Wong, Kolten,543939,2019,28,549,15.1,8.6,.242,.349,.334,.297,.326,.108,86.1,12.6,28.6,9,2.2,25.4,96.025301799,4.013404021,2012,406,
Gregorius, Didi,544369,2019,29,344,15.4,4.9,.238,.392,.297,.287,.279,.154,88.2,17.9,28.9,15,5.5,35.8,98.420145227,5.221324621,1378,273,
Garcia, Leury,544725,2019,28,618,22.5,3.4,.242,.351,.294,.272,.275,.109,88.2,6.2,30.3,17,3.8,29.9,97.233707717,4.660403959,2163,452,
Vargas, Ildemaro,545121,2019,27,211,11.4,4.3,.261,.371,.300,.289,.293,.110,87.3,3.5,25.8,6,3.4,30.3,96.704520114,4.377253352,774,178,
Grichuk, Randal,545341,2019,27,628,26.0,5.6,.236,.428,.307,.304,.285,.192,89.3,16,31.3,36,8.5,39.8,100.740131792,6.423631368,2414,425,
Marisnick, Jake,545350,2019,28,318,29.9,5.3,.201,.332,.297,.259,.260,.131,86.7,11.5,27,8,4,31.2,98.39839375,5.229621623,1258,200,
Stassi, Max,545358,2019,28,147,33.3,8.2,.170,.260,.177,.233,.247,.090,89.3,12.4,21.2,3,3.5,41,99.121789048,5.808570723,557,85,
Trout, Mike,545361,2019,27,600,20.0,18.3,.310,.678,.436,.460,.456,.368,90.9,22.2,43.8,67,18.9,44.4,103.466773886,7.970475845,2509,354,
Herrera, Odubel,546318,2019,27,139,23.7,7.9,.226,.339,.272,.278,.292,.112,88,11,36.2,4,4.3,30.9,97.56891617,4.836191596,533,94,
Almora Jr., Albert,546991,2019,25,363,17.1,4.4,.254,.385,.271,.285,.288,.131,86.3,8.5,31,13,4.6,27.5,97.073710432,4.557715596,1317,284,
Ruiz, Rio,547004,2019,25,413,21.3,9.7,.230,.355,.294,.292,.305,.125,88.4,11.3,33.7,8,2.8,36.5,98.246970638,5.295943652,1594,285,
Wolters, Tony,547172,2019,27,411,16.5,8.8,.248,.320,.290,.286,.327,.072,85.3,10.1,37.5,0,0,19.7,93.761511081,2.91707878,1546,299,
Harper, Bryce,547180,2019,26,682,26.1,14.5,.273,.547,.365,.387,.384,.274,91.9,13.7,37.6,59,14.8,45.6,103.137354264,8.043547766,2787,399,
Perez, Roberto,547379,2019,30,449,28.3,10.0,.222,.444,.326,.321,.308,.222,90.2,5.7,32.6,30,11,41.3,101.381071221,6.869235939,1917,273,
Martin, Leonys,547982,2019,31,264,29.5,8.0,.182,.334,.269,.262,.262,.152,87.3,16.9,27.3,10,6.2,27.3,97.557633553,4.818935563,1023,161,
Abreu, Jose,547989,2019,32,693,21.9,5.2,.279,.517,.344,.358,.332,.238,92.1,10.9,35.2,63,12.8,48.2,103.146324797,7.996655894,2735,492,
Diaz, Elias,553869,2019,28,332,16.9,6.9,.238,.325,.265,.277,.297,.086,88.1,9.2,29.5,6,2.4,34.3,99.26563336,5.660186627,1370,251,
Narvaez, Omar,553882,2019,27,482,19.1,9.8,.259,.429,.345,.330,.338,.169,85.5,17.9,40.4,18,5.3,28.1,95.546726667,3.774567182,1979,339,
Astudillo, Willians,553902,2019,27,204,3.9,2.5,.285,.417,.288,.319,.322,.133,85.8,15.3,38.2,5,2.7,31.3,97.030897802,4.515448901,593,186,
Suarez, Eugenio,553993,2019,27,662,28.5,10.6,.247,.500,.381,.355,.341,.254,89.3,17.7,38,54,13.8,40.8,100.844864896,6.608867917,2728,392,
Polanco, Gregory,570256,2019,27,167,29.3,7.2,.229,.409,.305,.296,.290,.180,89.5,19.2,31.7,10,9.6,30.4,99.604895882,5.812075392,679,104,
Santana, Domingo,570267,2019,26,507,32.3,9.9,.250,.478,.326,.342,.329,.228,89,11.3,40.1,35,12.1,42.1,100.050234643,6.228038964,2127,289,
Gonzalez, Erik,570481,2019,27,156,23.7,5.8,.226,.301,.262,.248,.277,.075,87.4,4.5,28.4,3,2.8,27.8,98.826440385,5.477520777,529,109,
Urshela, Gio,570482,2019,27,476,18.3,5.3,.285,.497,.369,.348,.329,.212,90.6,13.6,36.5,25,7,41.8,100.132629489,6.415468295,1798,359,
Sanchez, Yolmer,570560,2019,27,555,21.1,7.9,.230,.315,.281,.274,.299,.084,87.1,14.2,32.1,4,1,27,95.805694709,3.918524721,2246,389,
Schoop, Jonathan,570731,2019,27,464,25.0,4.3,.250,.438,.324,.314,.298,.188,87.6,12.4,35.5,28,8.8,38.5,100.523025472,6.303766025,1681,318,
Adams, Matt,571431,2019,30,333,34.5,6.0,.228,.479,.306,.320,.281,.251,88.6,19.6,39.8,29,14.8,43.9,101.473347857,6.825083538,1308,196,
Arenado, Nolan,571448,2019,28,662,14.0,9.4,.270,.480,.392,.343,.341,.210,89.4,17.7,34.6,40,8,37.6,99.240765317,5.75734495,2391,503,
Barnhart, Tucker,571466,2019,28,364,22.8,12.1,.219,.326,.301,.284,.321,.106,86.4,11.8,32.8,7,3,27.9,95.615923125,3.808912455,1413,235,
Bour, Justin,571506,2019,31,170,30.6,10.0,.193,.383,.267,.287,.279,.190,89.3,10.4,29,11,11,42.9,100.894154082,6.593140408,725,100,
Farmer, Kyle,571657,2019,28,197,29.9,5.1,.230,.403,.289,.290,.282,.173,85.4,17.1,32,7,5.6,29.7,96.32916339,4.228383162,826,125,
Gennett, Scooter,571697,2019,29,139,29.5,1.4,.203,.296,.241,.229,.227,.093,86.3,13.2,40.4,2,2.1,25.5,94.849609574,3.461630645,502,94,
Goodwin, Brian,571718,2019,28,458,28.2,8.3,.231,.405,.332,.303,.302,.174,87.6,18.4,38.5,18,6.3,33.3,97.895933357,4.953846607,1979,288,
Hamilton, Billy,571740,2019,28,353,24.6,9.1,.220,.261,.251,.252,.293,.040,80.7,15.2,32.5,0,0,7.3,89.902207798,1.526954312,1404,234,
Haniger, Mitch,571745,2019,28,283,28.6,10.6,.227,.453,.326,.331,.325,.226,88.4,17.9,31.7,19,11.4,40.9,99.8113955,5.965994151,1222,167,
Hernandez, Enrique,571771,2019,27,460,21.1,7.8,.239,.398,.301,.304,.309,.159,88.3,19.4,35.5,18,5.6,34.5,98.499102125,5.321826144,1855,321,
Holt, Brock,571788,2019,31,295,19.3,9.5,.253,.356,.333,.306,.335,.102,87.5,11.2,31.1,3,1.5,31,96.293222059,4.265045369,1221,206,
Lamb, Jake,571875,2019,28,226,24.3,14.2,.233,.435,.297,.347,.362,.202,90.7,14.2,33.6,11,8.2,42.5,100.601395821,6.602444887,940,134,
Maile, Luke,571912,2019,28,129,25.6,6.2,.212,.332,.194,.259,.262,.120,84.7,13.2,31.8,4,4.5,28.4,96.768106512,4.447024235,500,88,
Muncy, Max,571970,2019,28,589,25.3,15.3,.261,.510,.372,.380,.384,.249,89.8,14.5,38.9,41,12,43.4,100.624856095,6.560041662,2581,342,
Myers, Wil,571976,2019,28,490,34.3,10.4,.230,.429,.316,.319,.313,.200,90.2,12.2,32.7,30,11.2,41.4,101.566235802,7.04647295,2040,269,
Naquin, Tyler,571980,2019,28,294,22.4,4.8,.272,.468,.330,.327,.311,.196,90.8,12.6,32.5,19,9,38.9,101.033575192,6.826846538,1094,212,
Owings, Chris,572008,2019,27,196,39.8,7.1,.174,.290,.198,.237,.242,.116,86.9,8.5,25.5,7,6.9,31.4,96.987664314,4.542667129,775,102,
Phegley, Josh,572033,2019,31,342,18.4,4.4,.246,.371,.291,.286,.290,.125,84.1,17.4,34.5,8,3.1,24.3,95.244284252,3.664517154,1275,258,
Piscotty, Stephen,572039,2019,28,393,21.4,7.4,.248,.431,.306,.318,.310,.183,89.2,12.5,31.8,21,7.6,41,100.01466763,6.14751263,1492,277,
Pollock, AJ,572041,2019,31,342,21.6,6.7,.254,.448,.333,.329,.319,.195,90.6,13.7,29.8,19,8,39.9,99.774752521,6.228176962,1250,238,
Rickard, Joey,572073,2019,28,189,26.5,9.5,.213,.320,.290,.275,.300,.107,84.7,17.6,32.2,4,3.4,21.2,94.484835593,3.263949746,785,118,
Seager, Kyle,572122,2019,31,443,19.4,9.9,.258,.487,.332,.350,.339,.229,89.5,18.4,36.9,26,8.4,39.7,98.55946875,5.666821053,1821,309,
Voit III, Luke,572228,2019,28,510,27.8,13.9,.246,.495,.360,.365,.364,.249,89.7,12.7,38.5,38,13.2,41.5,100.922698521,6.712487359,2016,288,
Walker, Christian,572233,2019,28,603,25.7,11.1,.262,.516,.346,.364,.351,.254,91.1,14.8,34.1,49,13.1,48.8,102.727625691,7.697243147,2413,375,
Zunino, Mike,572287,2019,28,289,33.9,6.9,.194,.381,.235,.274,.258,.187,88.4,19.2,26.8,19,11.3,36.9,101.234572262,6.624915,1189,168,
Goins, Ryan,572365,2019,31,163,27.0,10.4,.199,.289,.298,.260,.289,.090,87.4,7.8,27.7,1,1,32.7,97.0734502,4.715950404,674,101,
Carpenter, Matt,572761,2019,33,492,26.2,12.8,.219,.406,.315,.323,.332,.187,88,19,36.2,21,7.2,31.1,97.130606383,4.713489573,2166,293,
Dickerson, Corey,572816,2019,30,279,20.1,5.7,.262,.473,.367,.322,.303,.211,87.1,16.2,44,17,8.2,34.8,98.920345049,5.485303447,1180,207,
Dozier, Brian,572821,2019,32,482,21.8,12.7,.235,.426,.329,.330,.339,.191,88.5,19,32.4,21,6.7,35.4,97.965853419,5.121791871,2045,312,
Garneau, Dustin,572863,2019,31,101,21.8,9.9,.202,.337,.330,.292,.313,.136,84.5,20.7,20.3,3,4.7,25,95.041371563,3.599457188,402,64,
Yastrzemski, Mike,573262,2019,28,411,26.0,7.8,.252,.504,.353,.342,.316,.252,89.6,19.5,36.9,30,11.2,42.9,100.328345606,6.375012624,1632,268,
Contreras, Willson,575929,2019,27,409,24.9,9.3,.247,.482,.368,.347,.334,.235,88.5,7.5,31.2,30,11.5,41.5,101.564759462,6.848420927,1567,260,
Gyorko, Jedd,576397,2019,30,101,23.8,8.9,.211,.351,.224,.279,.282,.140,85.8,16.3,26.5,3,4.4,32.4,97.993507059,4.996753529,410,68,
Iglesias, Jose,578428,2019,29,530,13.2,3.8,.264,.360,.306,.284,.298,.096,84.1,7.1,29.7,10,2.3,24.2,94.71843919,3.441140476,1936,437,
Hechavarria, Adeiny,588751,2019,30,221,21.7,6.3,.224,.385,.312,.292,.286,.161,87.6,11.8,30.8,9,5.8,30.1,96.943622105,4.598858355,817,156,
Osuna, Jose,591741,2019,26,285,16.8,6.3,.268,.446,.320,.329,.317,.178,89.2,9.8,32.3,11,5.1,37.4,99.311936449,5.80543472,1053,217,
Austin, Tyler,592122,2019,27,179,37.4,13.4,.198,.455,.298,.320,.306,.257,91.7,14.9,27.3,14,15.9,48.8,102.850681628,7.936979059,788,88,
Bryant, Kris,592178,2019,27,634,22.9,11.7,.247,.463,.379,.349,.353,.215,87.6,19.2,35.8,37,9.3,34.1,98.53167269,5.281246777,2486,400,
Canha, Mark,592192,2019,30,497,21.5,13.5,.245,.465,.386,.362,.374,.220,89.1,15.2,32.1,29,9.5,41.1,99.685622252,5.94485394,2106,305,
Casali, Curt,592200,2019,30,236,25.0,10.6,.235,.392,.316,.309,.322,.157,87.2,18.5,42.4,9,6,31,95.934453836,3.994587103,962,151,
Castellanos, Nick,592206,2019,27,664,21.5,6.2,.279,.541,.357,.364,.329,.262,89,14,39.8,52,10.9,41.7,99.970692043,6.181334149,2436,475,
DeShields, Delino,592261,2019,26,408,24.5,9.3,.215,.314,.295,.273,.296,.099,86.9,13.5,34.1,6,2.2,24.3,95.350649508,3.685580656,1669,267,
Drury, Brandon,592273,2019,26,447,25.3,5.6,.246,.423,.271,.306,.291,.177,86.9,13.8,36.7,28,9.1,36.7,99.247389221,5.624401006,1783,308,
Gamel, Ben,592325,2019,27,356,29.2,11.2,.228,.342,.308,.297,.324,.114,88.2,9.9,35.4,8,3.8,38,98.655207184,5.509022098,1512,209,
Goodrum, Niko,592348,2019,27,472,29.2,9.7,.236,.386,.315,.303,.312,.150,89.3,13,37.3,18,6.3,41.8,100.120707465,6.208112289,1964,287,
Healy, Ryon,592387,2019,27,187,21.4,7.0,.240,.432,.308,.317,.302,.192,89.6,17,33.1,12,9,39.2,99.883530317,6.1541836,708,133,
Holaday, Bryan,592407,2019,31,129,16.3,8.5,.236,.336,.326,.277,.306,.100,88.2,11.4,33.3,1,1,34.4,97.1413175,4.700120737,503,96,
Jones, JaCoby,592444,2019,27,333,28.2,8.1,.246,.449,.311,.327,.321,.203,91.6,14,35,22,10.7,47.5,101.859814902,7.384925517,1306,206,
Judge, Aaron,592450,2019,27,447,31.5,14.3,.274,.574,.382,.398,.386,.299,96,11.2,39.1,47,19.7,58.4,107.024177179,10.871868798,1914,238,
Machado, Manny,592518,2019,26,661,19.4,9.8,.261,.463,.335,.343,.340,.202,91.2,13,31.2,37,8,43.7,102.073663723,7.40263803,2418,462,
Moran, Colin,592567,2019,26,503,23.3,6.0,.260,.437,.315,.314,.308,.177,88.2,12.5,37.1,26,7.4,34.8,98.556321897,5.372829654,1808,353,
Pederson, Joc,592626,2019,27,514,21.6,9.7,.249,.479,.362,.347,.339,.230,91.2,15.6,31.4,35,10.3,43.5,101.926819048,7.251138896,2054,341,
Realmuto, J.T.,592663,2019,28,593,20.7,6.9,.273,.469,.340,.341,.332,.196,90.3,14.4,35,37,8.7,41.1,101.081746462,6.730632317,2332,423,
Renfroe, Hunter,592669,2019,27,494,31.2,9.3,.220,.455,.320,.314,.294,.235,89.9,19.1,32.2,35,12,39.4,101.091156986,6.693304315,2023,292,
Rosario, Eddie,592696,2019,27,590,14.6,3.7,.260,.494,.329,.327,.289,.234,89.2,16.8,33.2,41,8.5,36,98.424787531,5.352567757,2068,482,
Simmons, Andrelton,592743,2019,29,424,8.7,5.7,.243,.327,.290,.273,.290,.084,87.8,9.5,18.8,6,1.7,33.6,97.498130508,4.76261238,1389,361,
Wilkerson, Stevie,592859,2019,27,361,29.9,6.1,.198,.311,.286,.253,.262,.114,86.3,11.1,33.5,8,3.6,30.4,95.932262973,3.984574253,1478,224,
Yelich, Christian,592885,2019,27,580,20.3,13.8,.314,.629,.442,.429,.419,.315,93.3,11.3,33.2,59,15.8,49.1,104.869553459,9.015311892,2285,374,
Merrifield, Whit,593160,2019,30,735,17.1,6.1,.280,.431,.340,.324,.328,.151,87,15.6,42,24,4.3,29,96.176988102,4.127117263,2773,559,
Bogaerts, Xander,593428,2019,26,698,17.5,10.9,.272,.474,.390,.355,.354,.202,90.7,13.4,34.7,42,8.4,44.1,101.091300081,6.832835234,2862,498,
Hernandez, Marco,593523,2019,26,155,27.1,1.9,.215,.278,.266,.232,.247,.063,87,6.4,26.2,2,1.9,23.3,95.1952132,3.671959394,561,107,
Alberto, Hanser,593643,2019,26,550,9.1,2.9,.279,.392,.318,.300,.305,.113,84.4,11.9,32.5,14,2.9,18.5,94.197573506,3.107926269,1762,480,
Polanco, Jorge,593871,2019,25,704,16.5,8.5,.271,.464,.352,.341,.338,.193,88,19.1,41.6,35,6.7,33.1,97.46599549,4.78121002,2771,524,
Sano, Miguel,593934,2019,26,439,36.2,12.5,.235,.550,.378,.368,.335,.316,94.4,15.9,36,47,21.2,57.2,105.196811712,9.791274595,1911,222,
Herrera, Rosell,594011,2019,26,119,22.7,9.2,.209,.294,.263,.264,.297,.085,87.9,11.8,26.6,2,2.5,27.8,97.300544474,4.768844211,484,79,
Difo, Wilmer,594694,2019,27,144,20.1,8.3,.246,.319,.270,.272,.310,.073,83.9,10.1,34,0,0,19.4,92.964007347,2.731143878,551,103,
Calhoun, Kole,594777,2019,31,632,25.6,11.1,.241,.471,.330,.339,.335,.229,89.5,14.9,35.2,44,11.2,42.6,99.943105052,6.209946136,2389,392,
Duvall, Adam,594807,2019,30,130,30.0,5.4,.201,.542,.360,.327,.256,.340,91.1,25.6,30.5,13,15.9,32.9,100.130390488,6.306709012,530,82,
Eaton, Adam,594809,2019,30,656,16.2,9.9,.256,.406,.342,.328,.346,.149,88.9,15.3,33.9,18,3.8,34.3,98.729984311,5.47287412,2664,472,
Garcia, Greg,594824,2019,29,372,22.3,14.2,.217,.301,.319,.294,.340,.083,85.8,4.3,29,6,2.6,27,96.047828571,4.035017946,1586,231,
Kiermaier, Kevin,595281,2019,29,480,21.7,5.4,.243,.395,.284,.296,.292,.152,89.2,6.9,26.4,19,5.5,37.7,100.003324269,6.058416696,1784,345,
Knapp, Andrew,595284,2019,27,160,31.9,11.3,.214,.366,.282,.299,.321,.152,89.2,16.1,36.4,8,9.1,42,99.13086561,5.935779634,643,88,
Riddle, JT,595375,2019,27,139,30.2,3.6,.198,.378,.250,.259,.238,.180,88.9,9.9,30,8,8.9,30,97.278215111,4.642046333,482,90,
Alfaro, Jorge,595751,2019,26,465,33.1,4.7,.251,.460,.312,.324,.302,.209,90.8,4.7,33.3,32,11.5,44.8,103.194269429,7.842433082,1723,279,
Profar, Jurickson,595777,2019,26,518,14.5,9.3,.250,.431,.301,.328,.332,.180,86.7,14,29.7,25,6.5,31.3,97.141906243,4.584582042,2061,387,
Baez, Javier,595879,2019,26,561,27.8,5.0,.264,.506,.347,.336,.301,.241,91.1,7.7,36.3,48,12.7,43.6,102.448426524,7.481472949,2002,377,
Cave, Jake,595909,2019,26,228,31.1,9.2,.260,.484,.343,.359,.355,.224,90.5,7.4,38.3,16,12.5,43.8,100.842377969,6.839403906,922,128,
Gallagher, Cam,595956,2019,26,142,19.7,7.7,.205,.284,.294,.257,.283,.079,86.3,12.8,38,2,2,24,95.550268333,3.795170521,576,100,
Hedges, Austin,595978,2019,26,347,31.4,7.8,.195,.347,.242,.265,.269,.152,86.7,21.6,32,17,8.3,32.5,97.733819802,4.919899257,1373,206,
Lindor, Francisco,596019,2019,25,654,15.0,7.0,.273,.464,.349,.333,.328,.190,91,12.3,29.8,38,7.5,41,101.130645418,6.847008982,2426,507,
Odor, Rougned,596059,2019,25,581,30.6,9.0,.221,.464,.302,.321,.299,.243,91.1,17.9,30.6,47,13.6,45.6,101.734976168,7.31182003,2349,346,
Slater, Austin,596103,2019,26,192,30.7,11.5,.233,.440,.320,.330,.329,.207,88.7,3.5,35.8,11,10.1,49.1,100.737708519,6.645085185,803,109,
Smith Jr., Dwight,596105,2019,26,392,20.9,6.6,.236,.369,.299,.290,.294,.132,89.1,7.3,30.4,11,3.9,39.3,100.125783957,6.187231727,1496,280,
Story, Trevor,596115,2019,26,656,26.5,8.8,.260,.464,.380,.341,.334,.204,91,17.5,36.5,36,8.6,46,101.223764423,7.034883125,2684,417,
Vogelbach, Daniel,596129,2019,26,558,26.7,16.5,.224,.440,.333,.345,.356,.215,88.8,17.1,39,33,10.5,38,100.052249618,6.193186358,2532,315,
Sanchez, Gary,596142,2019,26,446,28.0,9.0,.251,.569,.346,.375,.336,.318,91.1,19.2,33.5,52,19.1,42.3,103.548850827,7.925250113,1879,272,
Cuthbert, Cheslor,596144,2019,26,330,20.3,5.8,.249,.382,.287,.293,.297,.134,88.9,14.9,31,11,4.5,38.1,99.713604333,5.974065105,1287,242,
Kepler, Max,596146,2019,26,596,16.6,10.1,.259,.458,.355,.343,.343,.199,89.7,18.2,30.5,38,8.9,42.1,100.805599577,6.514078635,2160,429,
Quinn, Roman,596451,2019,26,122,27.9,9.8,.202,.343,.289,.284,.294,.141,88.9,11.7,22.7,4,5.3,36,99.613877419,5.991941475,448,75,
Franco, Maikel,596748,2019,26,428,14.3,8.4,.245,.420,.281,.298,.309,.175,89.1,14.8,24.2,23,6.9,38.4,100.63202897,6.350348879,1511,331,
Choi, Ji Man,596847,2019,28,487,22.2,13.1,.260,.492,.348,.365,.365,.232,91.2,12.8,37.9,35,11.3,42.7,101.047548701,6.915341299,2020,309,
Bradley Jr., Jackie,598265,2019,29,567,27.3,9.9,.225,.413,.314,.316,.319,.188,90.1,9.3,30.2,33,9.6,44.2,100.629186506,6.586600211,2210,344,
La Stella, Tommy,600303,2019,30,321,8.7,6.2,.297,.484,.351,.355,.348,.187,88.2,13.2,34.8,14,5.3,31.2,97.070269695,4.641464291,1209,264,
Severino, Pedro,600474,2019,25,341,21.4,8.5,.265,.443,.316,.336,.337,.177,87.6,13.2,35.7,20,8.5,33.6,99.019749573,5.539727039,1400,235,
Nunez, Renato,600524,2019,25,599,23.9,7.3,.252,.471,.323,.335,.319,.218,89.9,19.9,32.1,43,10.7,40.9,101.416437214,6.827385786,2464,402,
Arteaga, Humberto,600858,2019,25,135,20.7,5.9,.222,.288,.221,.255,.281,.066,84.5,9.3,29.9,0,0,21.6,94.116868085,3.150837527,534,97,
Candelario, Jeimer,600869,2019,25,386,25.6,11.1,.231,.369,.283,.308,.330,.138,88.2,15.8,32.9,14,5.9,33.8,99.260932458,5.636242119,1619,237,
Daza, Yonathan,602074,2019,25,105,20.0,6.7,.202,.259,.221,.230,.255,.056,84.5,4.8,24.7,1,1.3,20.8,93.111274865,2.945507297,378,77,
Rondon, Jose,602922,2019,25,157,24.2,7.0,.209,.303,.241,.256,.275,.094,87.3,8.1,33,3,2.8,32.1,97.556846792,4.824923524,673,106,
Ahmed, Nick,605113,2019,29,625,18.1,8.3,.256,.422,.315,.321,.322,.166,87.8,7.6,35.7,30,6.6,34,97.728699383,4.939083223,2357,456,
Anderson, Brian,605119,2019,26,520,21.9,8.5,.253,.453,.342,.339,.337,.200,89.9,11.1,31.3,31,8.9,46,100.764886494,6.722101667,1925,348,
Barnes, Austin,605131,2019,29,242,23.1,9.5,.191,.297,.272,.256,.284,.106,87.2,16.4,27.8,7,4.4,29.1,96.417563924,4.23558949,940,158,
Bell, Josh,605137,2019,26,613,19.2,12.1,.285,.561,.378,.386,.376,.277,92.4,13.1,34.6,53,12.7,47.2,103.082487171,8.001241809,2442,416,
Betts, Mookie,605141,2019,26,706,14.3,13.7,.311,.577,.380,.411,.408,.267,91,19.3,39.2,52,10.3,47.5,100.606558233,6.76562757,2909,505,
Caratini, Victor,605170,2019,25,279,21.1,10.4,.258,.439,.338,.344,.346,.181,89.7,6.9,32.4,17,9,35.9,99.639721196,5.859793207,1110,188,
Davis, J.D.,605204,2019,26,453,21.4,8.4,.312,.546,.373,.386,.374,.234,91.5,10.2,36.8,35,11.1,47.9,102.839054744,7.769210032,1803,315,
Fisher, Derek,605233,2019,25,167,34.1,12.6,.214,.384,.285,.305,.314,.170,92.3,9.2,34.8,11,12.4,44.3,102.661998864,7.755711839,669,89,
Martini, Nick,605361,2019,29,109,23.9,12.8,.232,.295,.291,.290,.338,.063,87.6,5.7,29.4,1,1.5,32.8,96.681503529,4.421592836,468,68,
Panik, Joe,605412,2019,28,491,9.6,8.8,.253,.374,.284,.306,.325,.121,86.8,12.8,33.8,8,2,25.8,95.338176359,3.672916205,1877,397,
Smith, Mallex,605480,2019,26,566,24.9,7.4,.202,.285,.278,.256,.279,.083,85.2,7.3,29,8,2.2,20.1,94.189873149,3.140372155,2242,372,
Spangenberg, Cory,605486,2019,28,102,35.3,5.9,.201,.309,.267,.241,.252,.108,85.1,0.7,26.7,3,5,25.5,96.1128812,4.278285714,397,60,
Starling, Bubba,605490,2019,26,197,28.4,4.6,.210,.303,.247,.243,.251,.092,81.8,12.1,36.6,3,2.3,17.6,92.948463594,2.804861102,684,131,
Tilson, Charlie,605508,2019,26,157,24.2,6.4,.240,.320,.256,.277,.303,.080,86.9,4.9,29.2,3,2.8,31.1,97.431041132,4.733163396,595,106,
Castro, Harold,605612,2019,25,369,23.3,2.4,.258,.370,.292,.279,.276,.112,87.2,8.5,36.1,10,3.6,28.4,96.500827368,4.377354189,1306,274,
Arcia, Orlando,606115,2019,24,546,20.0,7.9,.222,.351,.269,.277,.287,.129,87.9,6.6,26.5,17,4.3,31.3,97.613876615,4.86605,2100,393,
Tapia, Raimel,606132,2019,25,447,22.4,4.7,.251,.371,.307,.285,.286,.120,87.6,7.5,36.5,12,3.7,31.6,96.957221534,4.526824862,1620,326,
Aquino, Aristides,606157,2019,25,225,26.7,7.1,.245,.498,.360,.334,.306,.253,87.8,18.6,30.6,19,12.9,39,100.625701972,6.373538652,896,147,
Hernandez, Teoscar,606192,2019,26,464,33.0,9.7,.215,.447,.325,.312,.292,.232,91.2,15.3,30.6,31,11.7,42.3,101.608146591,7.066922348,1923,265,
Peraza, Jose,606299,2019,25,403,14.4,4.2,.266,.363,.272,.298,.314,.097,85,17.3,32.5,1,0.3,25.6,95.370811987,3.732562691,1364,320,
Marte, Ketel,606466,2019,25,628,13.7,8.4,.300,.525,.405,.375,.364,.224,90,11.5,34.6,45,9.3,40,101.092484421,6.7158706,2402,485,
Greiner, Grayson,606988,2019,26,224,31.3,5.8,.200,.329,.242,.253,.251,.129,86.7,12.7,28.6,8,5.7,32.6,98.182166232,5.14266854,865,140,
Nimmo, Brandon,607043,2019,26,254,28.0,18.1,.219,.353,.340,.334,.382,.134,89.3,12.2,35.6,9,6.8,35.6,99.24699,5.762587364,1086,132,
Peterson, Jace,607054,2019,29,108,22.2,5.6,.253,.386,.258,.297,.299,.133,88.4,9.5,37.7,3,3.9,26,96.612149737,4.52345,444,77,
Turner, Trea,607208,2019,26,569,19.9,7.6,.279,.455,.356,.339,.337,.176,90.4,9.9,29.8,28,6.8,42,101.230091659,6.839620073,2234,410,
Smith, Kevan,607345,2019,31,211,17.5,7.6,.289,.452,.305,.348,.352,.163,89.5,5.7,37.4,10,6.5,41.8,99.40006987,5.932446078,797,155,
Beaty, Matt,607461,2019,26,268,12.3,6.3,.272,.422,.324,.319,.324,.150,89.4,10.3,28.2,11,5.1,40.5,100.338583704,6.373558279,977,216,
Pillar, Kevin,607680,2019,30,645,13.8,2.8,.262,.411,.298,.300,.293,.149,86.4,14.1,33.1,26,4.9,30.8,98.016751985,5.018091033,2127,529,
Stallings, Jacob,607732,2019,29,210,19.0,7.6,.260,.427,.297,.316,.325,.167,89.2,11.4,28.3,9,5.9,37.8,98.303555135,5.351015714,738,152,
Travis, Sam,607752,2019,25,157,22.9,7.0,.221,.383,.273,.286,.283,.162,89.1,8,26.6,8,7.3,39.8,100.552399423,6.36087932,625,109,
Williamson, Mac,607776,2019,28,144,30.6,9.7,.199,.300,.230,.266,.289,.101,85.4,8.8,28.6,3,3.6,33.7,98.014246905,5.075641807,615,84,
Ramirez, Jose,608070,2019,26,542,13.7,9.6,.267,.461,.334,.342,.341,.193,89.2,19.8,32.6,26,6.3,35.7,98.625705777,5.428589029,2173,414,
Bregman, Alex,608324,2019,25,690,12.0,17.2,.263,.453,.418,.373,.402,.190,89.3,19.6,35.5,23,4.8,38,98.440477393,5.337376731,2915,479,
Gallo, Joey,608336,2019,25,297,38.4,17.5,.225,.604,.401,.397,.368,.379,94.8,22.4,34.9,34,26.4,53.1,107.288990484,10.537980565,1308,129,
Kelly, Carson,608348,2019,24,365,21.6,13.2,.249,.460,.339,.340,.352,.212,88.9,14.3,39.8,20,8.5,40.4,99.326221441,5.845580894,1571,236,
Russell, Addison,608365,2019,25,241,24.1,8.3,.225,.357,.297,.288,.300,.131,86.9,9.1,33.1,11,6.9,28.1,96.87826481,4.443759051,944,160,
Seager, Corey,608369,2019,25,541,18.1,8.1,.257,.459,.340,.331,.322,.202,88.8,14.3,35.2,29,7.3,38.2,98.778797128,5.502181872,1909,395,
Williams, Nick,608384,2019,25,112,38.4,3.6,.219,.367,.193,.270,.260,.148,86.7,10.9,41.3,4,6.3,30.2,99.189958125,5.698076349,455,63,
Winker, Jesse,608385,2019,25,384,15.6,9.9,.274,.435,.351,.346,.363,.161,89.2,7.2,32,12,4.3,41.1,99.735411111,6.073450967,1524,278,
Lugo, Dawel,608475,2019,24,288,20.5,2.8,.255,.385,.272,.286,.283,.130,86.8,7.9,36.2,10,4.6,36,98.025865607,5.024293785,1013,218,
Mazara, Nomar,608577,2019,24,469,23.0,6.0,.266,.483,.327,.338,.319,.217,89.1,10.7,33.9,35,10.7,39.3,101.041745155,6.634283789,1912,327,
Murphy, Tom,608596,2019,28,281,31.0,6.8,.217,.433,.355,.299,.273,.216,90.6,18.9,32.2,19,10.9,44.8,100.979318161,6.820561092,1225,174,
Guzman, Ronald,608597,2019,24,295,29.5,10.8,.237,.426,.306,.327,.329,.189,85.6,14.8,36.4,15,8.7,36.5,98.840543765,5.420968824,1224,173,
Plawecki, Kevin,608700,2019,28,174,17.8,6.9,.221,.358,.273,.284,.289,.137,85.6,15.3,26.6,6,4.7,32,96.788279688,4.435971969,650,128,
Mondesi, Adalberto,609275,2019,23,443,29.8,4.3,.234,.383,.298,.284,.270,.149,88.8,10.2,31.2,25,8.6,34.3,98.640480915,5.454847007,1610,292,
Reyes, Franmil,614177,2019,23,548,28.5,8.6,.259,.535,.338,.359,.323,.276,93.3,9.5,33.3,51,14.8,51,103.847694162,8.604159768,2119,345,
Robertson, Daniel,621002,2019,25,237,24.9,10.1,.213,.295,.275,.279,.313,.081,87.7,5.8,25,2,1.4,33.8,97.353057432,4.728106939,977,148,
Lopes, Tim,621005,2019,25,128,22.7,11.7,.216,.320,.318,.283,.313,.104,85,8.7,39.8,3,3.6,24.1,95.040932857,3.572811205,515,83,
Martin Jr., Richie,621006,2019,24,309,26.9,4.5,.211,.301,.252,.250,.263,.091,83.2,9.4,29.6,5,2.4,25.2,95.198605361,3.717593316,1229,206,
Swanson, Dansby,621020,2019,25,545,22.8,9.4,.271,.477,.317,.350,.346,.207,89.9,14.5,36.7,37,10.1,41.6,99.797419121,6.209978127,2223,365,
Newman, Kevin,621028,2019,25,531,11.7,5.3,.273,.374,.339,.303,.322,.101,85.3,8.5,33.4,9,2.1,24.8,94.991693333,3.524680704,1882,434,
Taylor, Chris,621035,2019,28,414,27.8,8.9,.233,.383,.331,.299,.309,.149,86,13.8,39.1,14,5.4,32.3,97.5218724,4.78720241,1723,258,
Correa, Carlos,621043,2019,24,321,23.4,10.9,.282,.552,.380,.392,.371,.270,89,12.5,36.4,27,12.9,42,102.4206864,7.299037538,1319,209,
Dahl, David,621311,2019,25,413,26.6,6.8,.267,.485,.364,.342,.323,.218,88.7,11.2,41,28,10.3,39.5,98.77328291,5.506315299,1605,271,
Buxton, Byron,621439,2019,25,295,23.1,6.4,.244,.419,.340,.305,.298,.174,90,20.3,32.5,16,7.8,38.7,101.025778218,6.668611931,1031,206,
Brinson, Lewis,621446,2019,25,248,29.8,5.2,.199,.295,.205,.246,.260,.095,87,10,25.8,6,3.9,32.9,98.122297237,5.07441625,966,155,
Duggar, Steven,621453,2019,25,281,27.8,5.7,.223,.343,.265,.269,.271,.120,85.7,9,35.5,8,4.3,32.8,96.971647143,4.488956209,1132,186,
Stewart, DJ,621466,2019,25,142,18.3,9.9,.233,.394,.299,.306,.314,.161,87.9,12.9,26.7,7,6.9,34.7,99.2830548,5.720559899,568,101,
Nido, Tomas,621512,2019,25,144,25.7,4.9,.201,.333,.227,.243,.241,.132,87.4,7.6,23,5,5,30.9,97.144497292,4.632373895,476,100,
Stewart, Christin,621514,2019,25,416,24.8,8.2,.247,.437,.294,.321,.320,.190,86.9,19.1,37.1,20,7.4,34.1,98.164576963,5.084417778,1633,272,
Wendle, Joey,621563,2019,29,263,17.9,5.3,.257,.342,.275,.294,.318,.086,87.4,11.6,31.4,3,1.5,32.5,97.049603299,4.53253201,1025,194,
Olson, Matt,621566,2019,25,547,25.2,9.3,.278,.578,.368,.388,.362,.300,92.7,19.4,36.1,50,14.5,50.4,103.334092275,8.341713994,2288,346,
Dean, Austin,621573,2019,25,189,24.9,4.8,.252,.417,.276,.297,.287,.165,88.7,9.4,33.8,8,6,39.1,99.662226667,5.900228485,707,133,
Duffy, Matt,622110,2019,28,169,17.2,11.2,.253,.331,.299,.311,.347,.079,87,5.5,27.7,2,1.7,33.6,97.2121725,4.712751345,673,119,
Munoz, Yairo,622168,2019,24,181,20.4,3.9,.215,.307,.281,.245,.250,.091,84.7,6.2,27.9,2,1.5,25,95.214838824,3.634442593,656,136,
Margot, Manuel,622534,2019,24,441,20.0,8.6,.221,.329,.296,.276,.293,.108,87.7,14.2,28.4,11,3.5,34.8,98.690901438,5.386922131,1743,313,
Reyes, Pablo,622569,2019,25,157,22.9,8.3,.186,.275,.260,.241,.259,.090,88.2,12.2,24.3,4,3.7,29.2,97.382838868,4.770446571,627,107,
Camargo, Johan,622666,2019,25,248,17.3,6.0,.249,.363,.279,.284,.295,.114,86.9,11.1,33.7,7,3.7,31.6,97.769489895,4.914069947,894,190,
Reyes, Victor,622682,2019,24,292,21.9,4.8,.268,.366,.325,.290,.303,.098,87.6,9.2,37.9,4,1.9,31.6,97.153635,4.623603816,1213,214,
Bote, David,623520,2019,26,356,26.1,12.4,.243,.378,.336,.319,.350,.136,89.7,7.7,34.9,12,5.7,36.3,100.603479623,6.365111557,1435,212,
Ramirez, Harold,623912,2019,24,446,20.4,4.0,.268,.408,.308,.307,.306,.139,88.9,3.8,29,21,6.3,34.7,99.716576687,5.90759577,1670,331,
Santander, Anthony,623993,2019,24,405,21.2,4.7,.260,.460,.321,.319,.296,.200,89.9,15.3,31.2,23,7.7,36.6,100.631026419,6.428867399,1659,298,
Alonso, Pete,624413,2019,24,693,26.4,10.4,.257,.551,.384,.380,.358,.294,90.7,14.8,36.9,66,15.8,42.7,103.52161466,7.867841481,2762,417,
Biggio, Cavan,624415,2019,24,430,28.6,16.5,.239,.424,.343,.346,.368,.185,88.9,20.1,44.2,21,9,39.9,97.95095069,5.214258578,1870,233,
Conforto, Michael,624424,2019,26,648,23.0,13.0,.262,.507,.358,.371,.370,.245,89.2,15.9,35.8,48,11.9,39.2,100.0477863,6.1312909,2587,405,
Frazier, Adam,624428,2019,27,608,12.3,6.6,.275,.403,.320,.318,.334,.128,87.1,13.1,36.4,9,1.9,28.3,96.108033475,4.07951087,2302,484,
Trevino, Jose,624431,2019,26,126,21.4,2.4,.239,.346,.274,.258,.256,.107,86.8,8.3,29.2,2,2.1,35.4,98.008592708,5.056973158,479,96,
McGuire, Reese,624512,2019,24,105,17.1,6.7,.247,.379,.364,.293,.298,.132,86.7,13.1,40.5,3,3.8,24.1,95.264622051,3.647303718,368,79,
Puig, Yasiel,624577,2019,28,611,21.8,7.2,.256,.451,.330,.328,.319,.195,90,13.8,30,39,9.2,39.1,100.971591932,6.613191138,2247,426,
Soler, Jorge,624585,2019,27,679,26.2,10.8,.276,.596,.378,.396,.364,.320,92.6,15.5,34.5,70,16.9,50.1,104.442816329,8.724368983,2750,415,
Heredia, Guillermo,628338,2019,28,231,26.0,7.8,.240,.345,.291,.298,.320,.105,86.6,12.9,32.7,4,2.7,34.7,97.379718889,4.699987986,918,147,
Kang, Jung Ho,628356,2019,32,185,32.4,5.9,.216,.429,.256,.294,.267,.213,92.2,13.7,32.7,13,11.5,46,102.297290877,7.708110619,719,113,
Ervin, Phillip,640447,2019,26,260,24.2,6.9,.237,.374,.334,.301,.306,.137,85,14.4,37.1,8,4.6,31.1,96.967515714,4.540978084,1088,175,
Frazier, Clint,640449,2019,24,246,28.5,6.5,.245,.460,.333,.319,.299,.215,88.5,15.4,37.3,17,10.8,36.1,99.326073671,5.755365823,976,158,
Meadows, Austin,640457,2019,24,591,22.2,9.1,.282,.545,.380,.375,.356,.264,90.4,16.7,38.1,50,12.5,42.9,101.27902925,6.853411479,2497,399,
Mercado, Oscar,640458,2019,24,482,17.4,5.8,.259,.401,.321,.308,.311,.142,88,14.9,33.4,15,4.1,34.2,97.887426023,4.995281966,1738,365,
Pinder, Chad,640461,2019,27,370,23.8,5.4,.253,.443,.298,.319,.304,.190,90.9,8.6,31.9,21,8.2,44.4,101.395071129,7.038595911,1325,257,
Anderson, Tim,641313,2019,26,518,21.0,2.9,.287,.456,.363,.325,.311,.169,88.3,8.7,37.6,20,5.1,37.6,98.353274592,5.322923632,1765,391,
Bauers, Jake,641343,2019,23,423,27.2,10.6,.222,.352,.296,.293,.309,.131,88.1,15,31.9,13,5,33.1,98.048297907,5.059068716,1755,260,
Bellinger, Cody,641355,2019,23,661,16.3,14.4,.319,.635,.414,.430,.421,.316,91.1,17.9,39.6,58,12.7,45.9,101.221347768,6.966274787,2688,455,
Calhoun, Willie,641432,2019,24,337,15.7,6.8,.256,.439,.351,.323,.314,.183,89.7,17.6,35.3,16,6.2,40.7,99.712949922,5.943274729,1278,258,
Collins, Zack,641470,2019,24,102,38.2,13.7,.197,.436,.285,.320,.316,.239,90.7,15.3,42.6,7,14.9,53.2,101.022670417,6.95243,453,47,
Cordell, Ryan,641477,2019,27,247,27.9,7.7,.208,.357,.279,.276,.280,.149,88.8,19.2,25.6,10,6.4,32.1,98.663495342,5.444229041,982,156,
Crawford, J.P.,641487,2019,24,396,21.0,10.9,.233,.334,.296,.292,.321,.101,85,12.4,34.7,9,3.4,24.8,95.368146183,3.765717405,1716,268,
Demeritte, Travis,641513,2019,24,186,33.9,7.5,.224,.355,.272,.280,.286,.131,91.2,16.1,28.7,4,3.7,46.3,101.067855741,7.049688692,777,108,
Dixon, Brandon,641525,2019,27,420,32.4,5.0,.234,.441,.303,.306,.281,.207,89.5,16.9,37.5,29,11.2,40.8,100.454989297,6.359803765,1665,259,
Dozier, Hunter,641531,2019,27,586,25.3,9.4,.260,.468,.360,.338,.331,.208,91.1,16.7,35.8,38,10,42.9,102.015977632,7.204411763,2253,380,
Engel, Adam,641553,2019,27,248,31.5,5.6,.225,.348,.296,.280,.289,.123,86.4,11.1,33.3,8,5.3,30,97.680187465,4.852139789,970,150,
Garver, Mitch,641598,2019,28,359,24.2,11.4,.255,.573,.404,.382,.349,.318,91.1,15.3,33.6,35,15.5,50,101.425326814,7.198410664,1502,226,
Hampson, Garrett,641658,2019,24,327,26.9,7.3,.219,.329,.292,.265,.278,.110,85.8,13.1,30.2,8,3.7,26.2,96.269536931,4.153434307,1335,215,
Locastro, Tim,641796,2019,26,250,17.6,5.6,.225,.294,.314,.295,.337,.069,84.4,13.6,28.8,2,1.2,19.4,93.938776867,3.183691867,983,170,
Mancini III, Trey,641820,2019,27,679,21.1,9.3,.277,.503,.373,.362,.353,.226,90.3,7.8,36.4,48,10.3,42.7,101.635240474,7.06039847,2722,464,
McKinney, Billy,641856,2019,24,276,26.4,6.9,.220,.366,.291,.281,.279,.146,86.7,15.2,31.3,12,6.6,31.9,97.528593667,4.792045531,1038,182,
McMahon, Ryan,641857,2019,24,539,29.7,10.4,.243,.430,.330,.325,.324,.186,91.9,8.8,36.6,29,9,48,102.348495723,7.712813868,2249,322,
O'Neill, Tyler,641933,2019,24,151,35.1,6.6,.215,.377,.308,.276,.268,.161,89,19.9,29.5,6,6.8,37.2,99.844076047,6.032528372,614,88,
Sisco, Chance,642082,2019,24,198,30.8,11.1,.220,.418,.319,.333,.343,.199,89.5,16.4,37.7,11,10.4,39.6,98.323231887,5.573763333,853,106,
Smith, Dominic,642086,2019,24,197,22.3,9.6,.239,.433,.368,.322,.317,.194,88.3,15.1,36.8,10,7.5,34.8,97.912940758,5.028654504,767,133,
Tellez, Rowdy,642133,2019,24,409,28.4,7.1,.250,.477,.308,.335,.316,.228,90.7,14,37,34,13.2,41.6,101.864006047,7.125615798,1603,257,
Thaiss, Matt,642136,2019,24,164,31.7,10.4,.209,.358,.303,.283,.291,.149,89.1,15.9,34.7,6,6.3,43.2,99.557187234,6.11424234,711,95,
VanMeter, Josh,642165,2019,24,260,21.5,11.2,.244,.417,.316,.325,.335,.173,90.1,15.6,37,7,4,38.1,98.908482262,5.627792814,1069,173,
Wade, Tyler,642180,2019,24,108,25.9,10.2,.194,.312,.303,.269,.288,.118,86.9,12.8,27.9,4,5.9,27.9,95.875528438,4.008152698,388,68,
Mejia, Francisco,642336,2019,23,244,23.0,5.3,.219,.368,.317,.276,.274,.149,88.4,19.7,31.6,8,4.7,29.8,97.776759176,4.994198521,902,171,
Rosario, Amed,642708,2019,23,655,18.9,4.7,.283,.416,.318,.317,.320,.133,89.4,8.8,35,21,4.2,39.5,98.795593821,5.60288,2408,497,
Adames, Willy,642715,2019,23,584,26.2,7.9,.250,.437,.313,.320,.313,.187,88.5,10.8,36.1,32,8.4,35.6,99.072984309,5.592578431,2338,382,
Benintendi, Andrew,643217,2019,24,615,22.8,9.6,.262,.456,.330,.339,.340,.193,89.1,17.3,40.1,33,8.1,37.8,98.273360545,5.356715757,2435,409,
Cooper, Garrett,643265,2019,28,421,26.1,7.8,.270,.467,.337,.345,.336,.197,89.1,4.5,33.7,26,9.5,40.3,101.240205,6.656264816,1707,273,
Dubon, Mauricio,643289,2019,24,111,18.0,4.5,.249,.357,.312,.277,.282,.109,84.8,9.5,36,2,2.3,19.8,95.40132814,3.709446047,418,86,
Jansen, Danny,643376,2019,24,384,20.6,8.1,.247,.419,.275,.315,.315,.172,88.9,16.3,31.9,16,5.9,40,99.29700837,5.780262862,1455,270,
Kemp, Tony,643393,2019,27,279,16.8,8.2,.198,.284,.285,.258,.284,.086,86.2,14.6,27.6,3,1.5,15.7,93.517128737,2.776784603,1005,203,
Kiner-Falefa, Isiah,643396,2019,24,222,22.1,6.3,.221,.302,.272,.263,.283,.082,87.2,6.8,29.7,2,1.3,33.5,96.966178831,4.619608506,848,155,
Long Jr., Shed,643418,2019,23,168,23.8,9.5,.206,.325,.333,.270,.283,.119,87.6,11.1,28.6,7,6.3,36.7,98.160977818,5.143172569,662,112,
McNeil, Jeff,643446,2019,27,567,13.2,6.2,.283,.465,.384,.350,.354,.181,89,13.8,34.2,21,4.8,36.7,98.062735349,5.296269953,2067,436,
Tauchman, Mike,643565,2019,28,296,24.0,11.5,.246,.407,.364,.322,.335,.161,88.7,11.3,39.5,12,6.3,38.9,98.579674105,5.583860476,1288,190,
White, Tyler,643603,2019,28,279,28.0,12.9,.198,.299,.274,.273,.302,.101,86,12.4,30.9,6,3.6,30.4,96.349605679,4.201128944,1249,165,
Albies, Ozzie,645277,2019,22,702,16.0,7.7,.286,.486,.354,.349,.344,.200,88.9,15.6,36.8,35,6.6,34,98.232348151,5.247307887,2494,532,
Robles, Victor,645302,2019,22,617,22.7,5.7,.231,.368,.317,.294,.305,.137,83.3,16.7,34.5,20,4.8,23,94.905795816,3.739895663,2285,417,
Ford, Mike,645801,2019,26,163,17.2,10.4,.278,.478,.372,.358,.366,.201,91.9,15.6,36.5,11,9.6,45.2,101.055283103,6.890394609,657,115,
Devers, Rafael,646240,2019,22,702,17.0,6.8,.298,.528,.377,.368,.351,.230,92.5,10.4,33,48,9,48.4,103.406780039,8.117376757,2636,531,
Naylor, Josh,647304,2019,22,279,22.9,9.0,.238,.380,.306,.298,.305,.142,89.6,4.5,30,12,6.3,36.3,100.447291474,6.297610737,1154,190,
Diaz, Aledmys,649557,2019,28,247,11.3,10.5,.264,.424,.345,.343,.357,.160,88.3,12,28.2,12,6.4,34.2,98.260126413,5.171656739,903,188,
Urias, Luis,649966,2019,22,249,22.5,10.0,.226,.354,.294,.307,.332,.128,87.3,10.1,30.8,7,4.4,31.4,96.821621013,4.47115758,1030,159,
Arraez, Luis,650333,2019,22,366,7.9,9.8,.287,.406,.360,.334,.359,.119,87.1,11.4,41.7,8,2.7,22.8,94.64459953,3.360227508,1486,300,
Jimenez, Eloy,650391,2019,22,504,26.6,6.0,.261,.515,.343,.347,.311,.254,91.2,9.3,32.4,43,12.8,47.9,102.681413214,7.727878512,1864,336,
Torres, Gleyber,650402,2019,22,604,21.4,7.9,.257,.492,.358,.340,.320,.234,89.1,17.7,38,43,10.1,36.5,99.12047,5.637339474,2393,424,
Castro, Willi,650489,2019,22,110,30.9,5.5,.202,.292,.270,.245,.260,.090,84.7,18.1,35.3,1,1.5,25,95.777695152,4.093490303,424,68,
Diaz, Yandy,650490,2019,27,347,17.6,10.1,.279,.486,.341,.355,.353,.207,91.7,5.7,34,26,10.4,44.8,102.453884,7.60036348,1310,250,
Viloria, Meibrys,650619,2019,22,148,29.7,6.8,.175,.232,.236,.213,.230,.057,87.5,4.9,18.1,1,1.1,27.7,97.013684222,4.655400337,594,94,
Rengifo, Luis,650859,2019,22,406,22.9,9.9,.235,.367,.298,.306,.322,.131,87.1,9.6,31,16,6,29.9,97.485341145,4.743079656,1669,268,
Allen, Greg,656185,2019,26,256,20.7,4.3,.226,.333,.274,.275,.289,.108,87.3,9.2,26.8,5,2.7,30.9,96.582444713,4.32531578,969,183,
Chapman, Matt,656305,2019,26,670,21.9,10.9,.251,.502,.354,.358,.345,.252,92.7,16.6,25.1,53,12.1,49,103.46333537,8.250434176,2805,439,
Chavis, Michael,656308,2019,23,382,33.2,8.1,.220,.403,.323,.298,.293,.183,88.7,11.4,31.4,23,10.5,35.5,100.184092056,6.181458732,1493,220,
Diaz, Isan,656371,2019,23,201,29.4,9.5,.177,.317,.248,.257,.263,.140,88.5,18.2,25.6,9,7.4,32.2,97.4226605,4.783632269,820,121,
Haseley, Adam,656514,2019,23,242,24.8,5.8,.218,.330,.309,.269,.279,.112,87.3,5,29.4,6,3.7,28.8,96.518718519,4.26176,976,163,
Hoskins, Rhys,656555,2019,26,705,24.5,16.5,.215,.417,.347,.337,.358,.201,89.7,24,31,39,9.7,38.7,99.42720995,5.97812603,3223,403,
Luplow, Jordan,656669,2019,25,261,23.4,12.6,.247,.474,.383,.352,.348,.228,89.6,16.1,33.9,20,12.1,38.8,99.047672195,5.646979695,1111,165,
O'Hearn, Ryan,656811,2019,25,370,26.8,10.5,.222,.408,.278,.307,.306,.186,90.5,13,29.9,21,9.1,43.7,100.542248879,6.610039827,1509,231,
Schwarber, Kyle,656941,2019,26,610,25.6,11.5,.264,.553,.357,.375,.354,.290,93.5,15.5,35.6,55,14.5,51.2,104.364394516,8.768710054,2539,379,
Tucker, Cole,657061,2019,22,159,25.2,6.3,.240,.365,.264,.283,.294,.125,87.9,6.6,28.7,5,4.6,36.5,98.685688431,5.367541176,622,108,
Verdugo, Alex,657077,2019,23,377,13.0,6.9,.289,.458,.341,.339,.340,.168,89.4,9,33.7,17,5.7,39.7,99.832463784,6.053509966,1468,300,
DeJong, Paul,657557,2019,25,664,22.4,9.3,.237,.446,.322,.331,.325,.209,87,18.3,33,38,8.6,33.9,98.154188241,5.091659652,2579,440,
Laureano, Ramon,657656,2019,24,481,25.6,5.6,.268,.484,.356,.342,.325,.216,89.7,14.7,37.2,31,9.7,40.4,100.000765128,6.198050256,1954,320,
Moncada, Yoan,660162,2019,24,559,27.5,7.2,.282,.518,.379,.358,.337,.236,93.1,12.3,40.4,44,12.2,47.9,102.936634056,7.959630724,2219,361,
Ohtani, Shohei,660271,2019,24,425,25.9,7.8,.280,.487,.352,.350,.339,.207,92.8,6.8,31.7,34,12.2,47.1,102.948367482,8.064857014,1683,278,
Acuna Jr., Ronald,660670,2019,21,715,26.3,10.6,.279,.574,.369,.390,.365,.294,90.6,14.2,40.5,66,15,47.4,103.398305955,8.011363144,3048,439,
Riley, Austin,663586,2019,22,297,36.4,5.4,.227,.460,.307,.309,.281,.234,89.4,20.6,40.5,23,13.7,44.6,101.078740357,6.72754125,1119,168,
Grisham, Trent,663757,2019,22,183,26.2,10.9,.237,.384,.316,.316,.337,.147,87.6,15.7,33.3,6,5.4,34.6,98.209223462,5.130525,755,111,
Lowe, Nathaniel,663993,2019,23,169,29.6,7.7,.259,.455,.328,.330,.322,.197,91.3,13,37.5,11,10.6,45.2,102.859603846,7.595648462,700,104,
Happ, Ian,664023,2019,24,156,25.0,9.6,.237,.510,.368,.342,.310,.273,89.8,16,27.5,14,13.7,38.2,99.347177451,5.811333366,634,102,
France, Ty,664034,2019,24,201,24.4,4.5,.228,.390,.296,.294,.289,.162,88.9,15.1,31.6,8,5.9,42.6,99.771344853,6.127469706,801,136,
Lowe, Brandon,664040,2019,24,327,34.6,7.6,.237,.500,.354,.341,.308,.263,91.6,19.2,40.2,30,16.3,46.2,101.287092967,7.215649341,1311,184,
Bader, Harrison,664056,2019,25,406,28.8,11.3,.213,.405,.293,.314,.324,.192,88.4,15.3,31.3,23,9.9,35.3,99.203015625,5.65660426,1735,233,
Fletcher, David,664058,2019,25,653,9.8,8.4,.292,.371,.318,.319,.352,.079,83.8,9.9,37.5,1,0.2,17.1,93.20784584,2.716838337,2629,534,
Kingery, Scott,664068,2019,25,500,29.4,6.8,.246,.434,.329,.316,.305,.188,88.4,17.8,39.2,25,8,38.9,99.14878293,5.689147891,1973,314,
Moore, Dylan,664238,2019,26,282,33.0,8.9,.190,.336,.299,.277,.288,.146,88.4,19.2,30.3,10,6.5,36.1,98.478764605,5.244655197,1162,155,
Straw, Myles,664702,2019,24,128,18.8,14.8,.248,.328,.323,.313,.361,.080,84.7,9,38.8,1,1.2,16.5,93.840532619,2.989512289,567,85,
Tatis Jr., Fernando,665487,2019,20,372,29.6,8.1,.256,.491,.398,.347,.327,.235,90.4,6.7,33.5,30,13.2,44.1,102.598001071,7.498050135,1399,227,
Guerrero Jr., Vladimir,665489,2019,20,514,17.7,8.9,.256,.435,.329,.329,.326,.179,89.4,6.7,30.9,29,7.7,38.7,101.626864628,6.89985352,1986,375,
Soto, Juan,665742,2019,20,659,20.0,16.4,.285,.575,.394,.409,.405,.290,92,12.5,36.3,51,12.3,47.8,102.137286408,7.569584745,2788,416,
Bichette, Bo,666182,2019,21,212,23.6,6.6,.269,.475,.384,.337,.320,.206,90,10.4,36.1,13,8.8,43.5,100.354957808,6.381930137,889,147,
Gurriel Jr., Lourdes,666971,2019,25,343,25.1,5.8,.251,.502,.358,.340,.306,.251,90.4,14.4,33.6,26,11.2,45.3,100.566699741,6.614525108,1283,232,
Rogers, Jake,668670,2019,24,128,39.8,10.2,.126,.224,.216,.207,.223,.097,83,19.7,27,3,4.8,20.6,93.646170667,3.087169831,545,63,
Reynolds, Bryan,668804,2019,24,546,22.2,8.4,.293,.474,.371,.359,.361,.181,89.5,9.4,37,25,6.7,41.6,100.231643152,6.403448207,2168,373,
Rojas, Josh,668942,2019,25,157,26.1,11.5,.236,.407,.279,.320,.329,.171,89,10.3,38.1,6,6.2,42.3,98.910364694,5.893128041,640,97,
Senzel, Nick,669222,2019,24,414,24.4,7.2,.239,.407,.315,.305,.300,.168,87.8,11.1,31.6,22,8,38.2,98.782850588,5.504538856,1626,275,
Edman, Tommy,669242,2019,24,349,17.5,4.6,.283,.441,.357,.331,.331,.158,87.4,14.2,37.4,14,5.3,33.6,97.248854697,4.677901027,1375,265,
Solak, Nick,669256,2019,24,135,21.5,11.1,.249,.426,.375,.339,.355,.177,88.3,6.3,33.3,8,9.2,32.2,98.107902955,5.128358161,550,87,
Smith, Will,669257,2019,24,196,26.5,9.2,.222,.449,.369,.322,.312,.226,89.4,23.8,36.4,13,10.7,38.8,98.844499672,5.553043471,828,121,
Hiura, Keston,669374,2019,22,348,30.7,7.2,.256,.514,.388,.352,.327,.258,91.4,16.4,35.6,28,13.5,50,103.0339339,8.005838,1380,208,
Lopez, Nicky,670032,2019,24,402,12.7,4.5,.223,.282,.260,.242,.261,.059,85.1,3.1,22.3,4,1.2,19.5,93.632299434,2.905332177,1519,332,
Alvarez, Yordan,670541,2019,22,369,25.5,14.1,.288,.597,.432,.410,.393,.309,92.2,13.4,39.4,37,16.7,48.9,103.966041818,8.433098402,1494,221,
Brosseau, Mike,670712,2019,25,142,27.5,4.9,.215,.356,.329,.269,.265,.141,86.5,14.3,31.9,4,4.3,36.2,97.847365319,4.997548495,593,94,